-- phpMyAdmin SQL Dump
-- version 5.1.1
-- https://www.phpmyadmin.net/
--
-- Host: 127.0.0.1
-- Generation Time: Mar 07, 2023 at 05:17 AM
-- Server version: 10.4.22-MariaDB
-- PHP Version: 8.1.1

SET SQL_MODE = "NO_AUTO_VALUE_ON_ZERO";
START TRANSACTION;
SET time_zone = "+00:00";


/*!40101 SET @OLD_CHARACTER_SET_CLIENT=@@CHARACTER_SET_CLIENT */;
/*!40101 SET @OLD_CHARACTER_SET_RESULTS=@@CHARACTER_SET_RESULTS */;
/*!40101 SET @OLD_COLLATION_CONNECTION=@@COLLATION_CONNECTION */;
/*!40101 SET NAMES utf8mb4 */;

--
-- Database: `chubbygourmetdb`
--

-- --------------------------------------------------------

--
-- Table structure for table `address`
--

CREATE TABLE `address` (
  `id` int(11) NOT NULL,
  `region` varchar(191) NOT NULL,
  `province` varchar(191) NOT NULL,
  `city` varchar(191) NOT NULL,
  `barangay` varchar(191) NOT NULL,
  `delivery_fee` decimal(10,2) NOT NULL,
  `status` tinyint(4) NOT NULL DEFAULT 0,
  `created_at` timestamp NOT NULL DEFAULT current_timestamp(),
  `updated_at` timestamp NOT NULL DEFAULT current_timestamp()
) ENGINE=InnoDB DEFAULT CHARSET=utf8mb4;

--
-- Dumping data for table `address`
--

INSERT INTO `address` (`id`, `region`, `province`, `city`, `barangay`, `delivery_fee`, `status`, `created_at`, `updated_at`) VALUES
(3, 'NATIONAL CAPITAL REGION (NCR)', 'FOURTH DISTRICT (NOT A PROVINCE)', 'CITY OF MAKATI', 'BANGKAL', '150.00', 0, '2023-02-04 11:18:18', '2023-02-06 05:09:36'),
(4, 'NATIONAL CAPITAL REGION (NCR)', 'FOURTH DISTRICT (NOT A PROVINCE)', 'CITY OF MAKATI', 'BEL-AIR', '150.00', 0, '2023-02-04 11:18:18', '2023-02-04 11:18:32'),
(5, 'NATIONAL CAPITAL REGION (NCR)', 'FOURTH DISTRICT (NOT A PROVINCE)', 'CITY OF MAKATI', 'CARMONA', '150.00', 0, '2023-02-04 11:18:18', '2023-02-04 11:18:32'),
(6, 'NATIONAL CAPITAL REGION (NCR)', 'FOURTH DISTRICT (NOT A PROVINCE)', 'CITY OF MAKATI', 'COMEMBO', '150.00', 0, '2023-02-04 11:18:18', '2023-02-04 11:18:32'),
(7, 'NATIONAL CAPITAL REGION (NCR)', 'FOURTH DISTRICT (NOT A PROVINCE)', 'CITY OF MAKATI', 'DASMARIÑAS', '150.00', 0, '2023-02-04 11:18:18', '2023-02-04 11:18:32'),
(8, 'NATIONAL CAPITAL REGION (NCR)', 'FOURTH DISTRICT (NOT A PROVINCE)', 'CITY OF MAKATI', 'EAST REMBO', '150.00', 0, '2023-02-04 11:18:18', '2023-02-04 11:18:32'),
(9, 'NATIONAL CAPITAL REGION (NCR)', 'FOURTH DISTRICT (NOT A PROVINCE)', 'CITY OF MAKATI', 'FORBES PARK', '150.00', 0, '2023-02-04 11:18:18', '2023-02-04 11:18:32'),
(10, 'NATIONAL CAPITAL REGION (NCR)', 'FOURTH DISTRICT (NOT A PROVINCE)', 'CITY OF MAKATI', 'GUADALUPE NUEVO', '150.00', 0, '2023-02-04 11:18:18', '2023-02-04 11:18:32'),
(11, 'NATIONAL CAPITAL REGION (NCR)', 'FOURTH DISTRICT (NOT A PROVINCE)', 'CITY OF MAKATI', 'GUADALUPE VIEJO', '150.00', 0, '2023-02-04 11:18:18', '2023-02-04 11:18:32'),
(12, 'NATIONAL CAPITAL REGION (NCR)', 'FOURTH DISTRICT (NOT A PROVINCE)', 'CITY OF MAKATI', 'KASILAWAN', '150.00', 0, '2023-02-04 11:18:18', '2023-02-04 11:18:32'),
(13, 'NATIONAL CAPITAL REGION (NCR)', 'FOURTH DISTRICT (NOT A PROVINCE)', 'CITY OF MAKATI', 'LA PAZ', '150.00', 0, '2023-02-04 11:18:18', '2023-02-04 11:18:32'),
(14, 'NATIONAL CAPITAL REGION (NCR)', 'FOURTH DISTRICT (NOT A PROVINCE)', 'CITY OF MAKATI', 'MAGALLANES', '150.00', 0, '2023-02-04 11:18:18', '2023-02-04 11:18:32'),
(15, 'NATIONAL CAPITAL REGION (NCR)', 'FOURTH DISTRICT (NOT A PROVINCE)', 'CITY OF MAKATI', 'OLYMPIA', '150.00', 0, '2023-02-04 11:18:18', '2023-02-04 11:18:32'),
(16, 'NATIONAL CAPITAL REGION (NCR)', 'FOURTH DISTRICT (NOT A PROVINCE)', 'CITY OF MAKATI', 'PALANAN', '150.00', 0, '2023-02-04 11:18:18', '2023-02-04 11:18:32'),
(17, 'NATIONAL CAPITAL REGION (NCR)', 'FOURTH DISTRICT (NOT A PROVINCE)', 'CITY OF MAKATI', 'PEMBO', '150.00', 0, '2023-02-04 11:18:18', '2023-02-04 11:18:32'),
(18, 'NATIONAL CAPITAL REGION (NCR)', 'FOURTH DISTRICT (NOT A PROVINCE)', 'CITY OF MAKATI', 'PINAGKAISAHAN', '150.00', 0, '2023-02-04 11:18:18', '2023-02-04 11:18:32'),
(19, 'NATIONAL CAPITAL REGION (NCR)', 'FOURTH DISTRICT (NOT A PROVINCE)', 'CITY OF MAKATI', 'PIO DEL PILAR', '150.00', 0, '2023-02-04 11:18:18', '2023-02-04 11:18:32'),
(20, 'NATIONAL CAPITAL REGION (NCR)', 'FOURTH DISTRICT (NOT A PROVINCE)', 'CITY OF MAKATI', 'PITOGO', '150.00', 0, '2023-02-04 11:18:18', '2023-02-04 11:18:32'),
(21, 'NATIONAL CAPITAL REGION (NCR)', 'FOURTH DISTRICT (NOT A PROVINCE)', 'CITY OF MAKATI', 'POBLACION - MAKATI', '150.00', 0, '2023-02-04 11:18:18', '2023-02-04 11:18:32'),
(22, 'NATIONAL CAPITAL REGION (NCR)', 'FOURTH DISTRICT (NOT A PROVINCE)', 'CITY OF MAKATI', 'POST PROPER NORTHSIDE', '150.00', 0, '2023-02-04 11:18:18', '2023-02-04 11:18:32'),
(23, 'NATIONAL CAPITAL REGION (NCR)', 'FOURTH DISTRICT (NOT A PROVINCE)', 'CITY OF MAKATI', 'POST PROPER SOUTHSIDE', '150.00', 0, '2023-02-04 11:18:18', '2023-02-04 11:18:32'),
(24, 'NATIONAL CAPITAL REGION (NCR)', 'FOURTH DISTRICT (NOT A PROVINCE)', 'CITY OF MAKATI', 'RIZAL', '150.00', 0, '2023-02-04 11:18:18', '2023-02-04 11:18:32'),
(25, 'NATIONAL CAPITAL REGION (NCR)', 'FOURTH DISTRICT (NOT A PROVINCE)', 'CITY OF MAKATI', 'SAN ANTONIO - MAKATI', '150.00', 0, '2023-02-04 11:18:18', '2023-02-04 11:18:32'),
(26, 'NATIONAL CAPITAL REGION (NCR)', 'FOURTH DISTRICT (NOT A PROVINCE)', 'CITY OF MAKATI', 'SAN ISIDRO - MAKATI', '150.00', 0, '2023-02-04 11:18:18', '2023-02-04 11:18:32'),
(27, 'NATIONAL CAPITAL REGION (NCR)', 'FOURTH DISTRICT (NOT A PROVINCE)', 'CITY OF MAKATI', 'SAN LORENZO', '150.00', 0, '2023-02-04 11:18:18', '2023-02-04 11:18:32'),
(28, 'NATIONAL CAPITAL REGION (NCR)', 'FOURTH DISTRICT (NOT A PROVINCE)', 'CITY OF MAKATI', 'SANTA CRUZ', '150.00', 0, '2023-02-04 11:18:18', '2023-02-04 11:18:32'),
(29, 'NATIONAL CAPITAL REGION (NCR)', 'FOURTH DISTRICT (NOT A PROVINCE)', 'CITY OF MAKATI', 'SINGKAMAS', '150.00', 0, '2023-02-04 11:18:18', '2023-02-04 11:18:32'),
(30, 'NATIONAL CAPITAL REGION (NCR)', 'FOURTH DISTRICT (NOT A PROVINCE)', 'CITY OF MAKATI', 'SOUTH CEMBO', '150.00', 0, '2023-02-04 11:18:18', '2023-02-04 11:18:32'),
(31, 'NATIONAL CAPITAL REGION (NCR)', 'FOURTH DISTRICT (NOT A PROVINCE)', 'CITY OF MAKATI', 'TEJEROS', '150.00', 0, '2023-02-04 11:18:18', '2023-02-04 11:18:32'),
(32, 'NATIONAL CAPITAL REGION (NCR)', 'FOURTH DISTRICT (NOT A PROVINCE)', 'CITY OF MAKATI', 'URDANETA', '150.00', 0, '2023-02-04 11:18:18', '2023-02-04 11:18:32'),
(33, 'NATIONAL CAPITAL REGION (NCR)', 'FOURTH DISTRICT (NOT A PROVINCE)', 'CITY OF MAKATI', 'VALENZUELA', '150.00', 0, '2023-02-04 11:18:18', '2023-02-04 11:18:32'),
(34, 'NATIONAL CAPITAL REGION (NCR)', 'FOURTH DISTRICT (NOT A PROVINCE)', 'CITY OF MAKATI', 'WEST REMBO', '150.00', 0, '2023-02-04 11:18:18', '2023-02-04 11:18:32'),
(35, 'NATIONAL CAPITAL REGION (NCR)', 'FOURTH DISTRICT (NOT A PROVINCE)', 'CITY OF PARAÑAQUE', 'B.F. HOMES', '150.00', 0, '2023-02-04 11:18:18', '2023-02-04 11:18:32'),
(36, 'NATIONAL CAPITAL REGION (NCR)', 'FOURTH DISTRICT (NOT A PROVINCE)', 'CITY OF PARAÑAQUE', 'BACLARAN', '150.00', 0, '2023-02-04 11:18:18', '2023-02-04 11:18:32'),
(37, 'NATIONAL CAPITAL REGION (NCR)', 'FOURTH DISTRICT (NOT A PROVINCE)', 'CITY OF PARAÑAQUE', 'DON BOSCO', '150.00', 0, '2023-02-04 11:18:18', '2023-02-04 11:18:32'),
(38, 'NATIONAL CAPITAL REGION (NCR)', 'FOURTH DISTRICT (NOT A PROVINCE)', 'CITY OF PARAÑAQUE', 'DON GALO', '150.00', 0, '2023-02-04 11:18:18', '2023-02-04 11:18:32'),
(39, 'NATIONAL CAPITAL REGION (NCR)', 'FOURTH DISTRICT (NOT A PROVINCE)', 'CITY OF PARAÑAQUE', 'LA HUERTA', '150.00', 0, '2023-02-04 11:18:18', '2023-02-04 11:18:32'),
(40, 'NATIONAL CAPITAL REGION (NCR)', 'FOURTH DISTRICT (NOT A PROVINCE)', 'CITY OF PARAÑAQUE', 'MARCELO GREEN VILLAGE', '150.00', 0, '2023-02-04 11:18:18', '2023-02-04 11:18:32'),
(41, 'NATIONAL CAPITAL REGION (NCR)', 'FOURTH DISTRICT (NOT A PROVINCE)', 'CITY OF PARAÑAQUE', 'MERVILLE', '150.00', 0, '2023-02-04 11:18:18', '2023-02-04 11:18:32'),
(42, 'NATIONAL CAPITAL REGION (NCR)', 'FOURTH DISTRICT (NOT A PROVINCE)', 'CITY OF PARAÑAQUE', 'MOONWALK', '150.00', 0, '2023-02-04 11:18:18', '2023-02-04 11:18:32'),
(43, 'NATIONAL CAPITAL REGION (NCR)', 'FOURTH DISTRICT (NOT A PROVINCE)', 'CITY OF PARAÑAQUE', 'SAN ANTONIO - PARAÑAQUE', '150.00', 0, '2023-02-04 11:18:18', '2023-02-04 11:18:32'),
(44, 'NATIONAL CAPITAL REGION (NCR)', 'FOURTH DISTRICT (NOT A PROVINCE)', 'CITY OF PARAÑAQUE', 'SAN DIONISIO', '150.00', 0, '2023-02-04 11:18:18', '2023-02-04 11:18:32'),
(45, 'NATIONAL CAPITAL REGION (NCR)', 'FOURTH DISTRICT (NOT A PROVINCE)', 'CITY OF PARAÑAQUE', 'SAN ISIDRO - PARAÑAQUE', '150.00', 0, '2023-02-04 11:18:18', '2023-02-04 11:18:32'),
(46, 'NATIONAL CAPITAL REGION (NCR)', 'FOURTH DISTRICT (NOT A PROVINCE)', 'CITY OF PARAÑAQUE', 'SAN MARTIN DE PORRES', '150.00', 0, '2023-02-04 11:18:18', '2023-02-04 11:18:32'),
(47, 'NATIONAL CAPITAL REGION (NCR)', 'FOURTH DISTRICT (NOT A PROVINCE)', 'CITY OF PARAÑAQUE', 'SANTO NIÑO - PARAÑAQUE', '150.00', 0, '2023-02-04 11:18:18', '2023-02-04 11:18:32'),
(48, 'NATIONAL CAPITAL REGION (NCR)', 'FOURTH DISTRICT (NOT A PROVINCE)', 'CITY OF PARAÑAQUE', 'SUN VALLEY', '150.00', 0, '2023-02-04 11:18:18', '2023-02-04 11:18:32'),
(49, 'NATIONAL CAPITAL REGION (NCR)', 'FOURTH DISTRICT (NOT A PROVINCE)', 'CITY OF PARAÑAQUE', 'TAMBO', '150.00', 0, '2023-02-04 11:18:18', '2023-02-04 11:18:32'),
(50, 'NATIONAL CAPITAL REGION (NCR)', 'FOURTH DISTRICT (NOT A PROVINCE)', 'CITY OF PARAÑAQUE', 'VITALEZ', '150.00', 0, '2023-02-04 11:18:18', '2023-02-04 11:18:32'),
(51, 'NATIONAL CAPITAL REGION (NCR)', 'FOURTH DISTRICT (NOT A PROVINCE)', 'CITY OF LAS PIÑAS', 'ALMANZA DOS', '150.00', 0, '2023-02-04 11:18:18', '2023-02-04 11:18:32'),
(52, 'NATIONAL CAPITAL REGION (NCR)', 'FOURTH DISTRICT (NOT A PROVINCE)', 'CITY OF LAS PIÑAS', 'ALMANZA UNO', '150.00', 0, '2023-02-04 11:18:18', '2023-02-04 11:18:32'),
(53, 'NATIONAL CAPITAL REGION (NCR)', 'FOURTH DISTRICT (NOT A PROVINCE)', 'CITY OF LAS PIÑAS', 'B.F. INTERNATIONAL VILLAGE', '150.00', 0, '2023-02-04 11:18:18', '2023-02-04 11:18:32'),
(54, 'NATIONAL CAPITAL REGION (NCR)', 'FOURTH DISTRICT (NOT A PROVINCE)', 'CITY OF LAS PIÑAS', 'DANIEL FAJARDO', '150.00', 0, '2023-02-04 11:18:18', '2023-02-04 11:18:32'),
(55, 'NATIONAL CAPITAL REGION (NCR)', 'FOURTH DISTRICT (NOT A PROVINCE)', 'CITY OF LAS PIÑAS', 'ELIAS ALDANA', '150.00', 0, '2023-02-04 11:18:18', '2023-02-04 11:18:32'),
(56, 'NATIONAL CAPITAL REGION (NCR)', 'FOURTH DISTRICT (NOT A PROVINCE)', 'CITY OF LAS PIÑAS', 'ILAYA', '150.00', 0, '2023-02-04 11:18:18', '2023-02-04 11:18:32'),
(57, 'NATIONAL CAPITAL REGION (NCR)', 'FOURTH DISTRICT (NOT A PROVINCE)', 'CITY OF LAS PIÑAS', 'MANUYO DOS', '150.00', 0, '2023-02-04 11:18:18', '2023-02-04 11:18:32'),
(58, 'NATIONAL CAPITAL REGION (NCR)', 'FOURTH DISTRICT (NOT A PROVINCE)', 'CITY OF LAS PIÑAS', 'MANUYO UNO', '150.00', 0, '2023-02-04 11:18:18', '2023-02-04 11:18:32'),
(59, 'NATIONAL CAPITAL REGION (NCR)', 'FOURTH DISTRICT (NOT A PROVINCE)', 'CITY OF LAS PIÑAS', 'PAMPLONA DOS', '150.00', 0, '2023-02-04 11:18:18', '2023-02-04 11:18:32'),
(60, 'NATIONAL CAPITAL REGION (NCR)', 'FOURTH DISTRICT (NOT A PROVINCE)', 'CITY OF LAS PIÑAS', 'PAMPLONA TRES', '150.00', 0, '2023-02-04 11:18:18', '2023-02-04 11:18:32'),
(61, 'NATIONAL CAPITAL REGION (NCR)', 'FOURTH DISTRICT (NOT A PROVINCE)', 'CITY OF LAS PIÑAS', 'PAMPLONA UNO', '150.00', 0, '2023-02-04 11:18:18', '2023-02-04 11:18:32'),
(62, 'NATIONAL CAPITAL REGION (NCR)', 'FOURTH DISTRICT (NOT A PROVINCE)', 'CITY OF LAS PIÑAS', 'PILAR', '150.00', 0, '2023-02-04 11:18:18', '2023-02-04 11:18:32'),
(63, 'NATIONAL CAPITAL REGION (NCR)', 'FOURTH DISTRICT (NOT A PROVINCE)', 'CITY OF LAS PIÑAS', 'PULANG LUPA DOS', '150.00', 0, '2023-02-04 11:18:18', '2023-02-04 11:18:32'),
(64, 'NATIONAL CAPITAL REGION (NCR)', 'FOURTH DISTRICT (NOT A PROVINCE)', 'CITY OF LAS PIÑAS', 'PULANG LUPA UNO', '150.00', 0, '2023-02-04 11:18:18', '2023-02-04 11:18:32'),
(65, 'NATIONAL CAPITAL REGION (NCR)', 'FOURTH DISTRICT (NOT A PROVINCE)', 'CITY OF LAS PIÑAS', 'TALON DOS', '150.00', 0, '2023-02-04 11:18:18', '2023-02-04 11:18:32'),
(66, 'NATIONAL CAPITAL REGION (NCR)', 'FOURTH DISTRICT (NOT A PROVINCE)', 'CITY OF LAS PIÑAS', 'TALON KUATRO', '150.00', 0, '2023-02-04 11:18:18', '2023-02-04 11:18:32'),
(67, 'NATIONAL CAPITAL REGION (NCR)', 'FOURTH DISTRICT (NOT A PROVINCE)', 'CITY OF LAS PIÑAS', 'TALON SINGKO', '150.00', 0, '2023-02-04 11:18:18', '2023-02-04 11:18:32'),
(68, 'NATIONAL CAPITAL REGION (NCR)', 'FOURTH DISTRICT (NOT A PROVINCE)', 'CITY OF LAS PIÑAS', 'TALON TRES', '150.00', 0, '2023-02-04 11:18:18', '2023-02-04 11:18:32'),
(69, 'NATIONAL CAPITAL REGION (NCR)', 'FOURTH DISTRICT (NOT A PROVINCE)', 'CITY OF LAS PIÑAS', 'TALON UNO', '150.00', 0, '2023-02-04 11:18:18', '2023-02-04 11:18:32'),
(70, 'NATIONAL CAPITAL REGION (NCR)', 'FOURTH DISTRICT (NOT A PROVINCE)', 'CITY OF LAS PIÑAS', 'ZAPOTE - LAS PIÑAS', '150.00', 0, '2023-02-04 11:18:18', '2023-02-04 11:18:32'),
(71, 'NATIONAL CAPITAL REGION (NCR)', 'FOURTH DISTRICT (NOT A PROVINCE)', 'CITY OF MUNTINLUPA', 'ALABANG', '150.00', 0, '2023-02-04 11:18:18', '2023-02-04 11:18:32'),
(72, 'REGION IV-A (CALABARZON)', 'LAGUNA', 'CITY OF SAN PEDRO', 'BAGONG SILANG', '110.00', 0, '2023-02-04 11:18:18', '2023-02-04 11:18:32'),
(73, 'REGION IV-A (CALABARZON)', 'LAGUNA', 'CITY OF SAN PEDRO', 'CALENDOLA', '110.00', 0, '2023-02-04 11:18:18', '2023-02-04 11:18:32'),
(74, 'REGION IV-A (CALABARZON)', 'LAGUNA', 'CITY OF SAN PEDRO', 'CHRYSANTHEMUM', '110.00', 0, '2023-02-04 11:18:18', '2023-02-04 11:18:32'),
(75, 'REGION IV-A (CALABARZON)', 'LAGUNA', 'CITY OF SAN PEDRO', 'CUYAB', '110.00', 0, '2023-02-04 11:18:18', '2023-02-04 11:18:32'),
(76, 'REGION IV-A (CALABARZON)', 'LAGUNA', 'CITY OF SAN PEDRO', 'ESTRELLA', '110.00', 0, '2023-02-04 11:18:18', '2023-02-04 11:18:32'),
(77, 'REGION IV-A (CALABARZON)', 'LAGUNA', 'CITY OF SAN PEDRO', 'FATIMA', '110.00', 0, '2023-02-04 11:18:18', '2023-02-04 11:18:32'),
(78, 'REGION IV-A (CALABARZON)', 'LAGUNA', 'CITY OF SAN PEDRO', 'G.S.I.S.', '110.00', 0, '2023-02-04 11:18:18', '2023-02-04 11:18:32'),
(79, 'REGION IV-A (CALABARZON)', 'LAGUNA', 'CITY OF SAN PEDRO', 'LANDAYAN', '110.00', 0, '2023-02-04 11:18:18', '2023-02-04 11:18:32'),
(80, 'REGION IV-A (CALABARZON)', 'LAGUNA', 'CITY OF SAN PEDRO', 'LANGGAM', '110.00', 0, '2023-02-04 11:18:18', '2023-02-04 11:18:32'),
(81, 'REGION IV-A (CALABARZON)', 'LAGUNA', 'CITY OF SAN PEDRO', 'LARAM', '110.00', 0, '2023-02-04 11:18:18', '2023-02-04 11:18:32'),
(82, 'REGION IV-A (CALABARZON)', 'LAGUNA', 'CITY OF SAN PEDRO', 'MAGSAYSAY', '110.00', 0, '2023-02-04 11:18:18', '2023-02-04 11:18:32'),
(83, 'REGION IV-A (CALABARZON)', 'LAGUNA', 'CITY OF SAN PEDRO', 'MAHARLIKA', '110.00', 0, '2023-02-04 11:18:18', '2023-02-04 11:18:32'),
(84, 'REGION IV-A (CALABARZON)', 'LAGUNA', 'CITY OF SAN PEDRO', 'NARRA', '110.00', 0, '2023-02-04 11:18:18', '2023-02-04 11:18:32'),
(85, 'REGION IV-A (CALABARZON)', 'LAGUNA', 'CITY OF SAN PEDRO', 'NUEVA', '110.00', 0, '2023-02-04 11:18:18', '2023-02-04 11:18:32'),
(86, 'REGION IV-A (CALABARZON)', 'LAGUNA', 'CITY OF SAN PEDRO', 'PACITA 1', '110.00', 0, '2023-02-04 11:18:18', '2023-02-04 11:18:32'),
(87, 'REGION IV-A (CALABARZON)', 'LAGUNA', 'CITY OF SAN PEDRO', 'PACITA 2', '110.00', 0, '2023-02-04 11:18:18', '2023-02-04 11:18:32'),
(88, 'REGION IV-A (CALABARZON)', 'LAGUNA', 'CITY OF SAN PEDRO', 'POBLACION - SAN PEDRO', '110.00', 0, '2023-02-04 11:18:18', '2023-02-04 11:18:32'),
(89, 'REGION IV-A (CALABARZON)', 'LAGUNA', 'CITY OF SAN PEDRO', 'RIVERSIDE', '110.00', 0, '2023-02-04 11:18:18', '2023-02-04 11:18:32'),
(90, 'REGION IV-A (CALABARZON)', 'LAGUNA', 'CITY OF SAN PEDRO', 'ROSARIO', '110.00', 0, '2023-02-04 11:18:18', '2023-02-04 11:18:32'),
(91, 'REGION IV-A (CALABARZON)', 'LAGUNA', 'CITY OF SAN PEDRO', 'SAMPAGUITA VILLAGE', '110.00', 0, '2023-02-04 11:18:18', '2023-02-04 11:18:32'),
(92, 'REGION IV-A (CALABARZON)', 'LAGUNA', 'CITY OF SAN PEDRO', 'SAN ANTONIO - SAN PEDRO', '110.00', 0, '2023-02-04 11:18:18', '2023-02-04 11:18:32'),
(93, 'REGION IV-A (CALABARZON)', 'LAGUNA', 'CITY OF SAN PEDRO', 'SAN LORENZO RUIZ', '110.00', 0, '2023-02-04 11:18:18', '2023-02-04 11:18:32'),
(94, 'REGION IV-A (CALABARZON)', 'LAGUNA', 'CITY OF SAN PEDRO', 'SAN ROQUE', '110.00', 0, '2023-02-04 11:18:18', '2023-02-04 11:18:32'),
(95, 'REGION IV-A (CALABARZON)', 'LAGUNA', 'CITY OF SAN PEDRO', 'SAN VICENTE - SAN PEDRO', '110.00', 0, '2023-02-04 11:18:18', '2023-02-04 11:18:32'),
(96, 'REGION IV-A (CALABARZON)', 'LAGUNA', 'CITY OF SAN PEDRO', 'SANTO NIÑO - SAN PEDRO', '110.00', 0, '2023-02-04 11:18:18', '2023-02-04 11:18:32'),
(97, 'REGION IV-A (CALABARZON)', 'LAGUNA', 'CITY OF SAN PEDRO', 'UNITED BAYANIHAN', '110.00', 0, '2023-02-04 11:18:18', '2023-02-04 11:18:32'),
(98, 'REGION IV-A (CALABARZON)', 'LAGUNA', 'CITY OF SAN PEDRO', 'UNITED BETTER LIVING', '110.00', 0, '2023-02-04 11:18:18', '2023-02-04 11:18:32'),
(99, 'REGION IV-A (CALABARZON)', 'LAGUNA', 'CITY OF BIÑAN', 'BIÑAN', '110.00', 0, '2023-02-04 11:18:18', '2023-02-04 11:18:32'),
(100, 'REGION IV-A (CALABARZON)', 'LAGUNA', 'CITY OF BIÑAN', 'BUNGAHAN', '110.00', 0, '2023-02-04 11:18:18', '2023-02-04 11:18:32'),
(101, 'REGION IV-A (CALABARZON)', 'LAGUNA', 'CITY OF BIÑAN', 'CANLALAY', '110.00', 0, '2023-02-04 11:18:18', '2023-02-04 11:18:32'),
(102, 'REGION IV-A (CALABARZON)', 'LAGUNA', 'CITY OF BIÑAN', 'CASILE', '110.00', 0, '2023-02-04 11:18:18', '2023-02-04 11:18:32'),
(103, 'REGION IV-A (CALABARZON)', 'LAGUNA', 'CITY OF BIÑAN', 'DE LA PAZ', '110.00', 0, '2023-02-04 11:18:18', '2023-02-04 11:18:32'),
(104, 'REGION IV-A (CALABARZON)', 'LAGUNA', 'CITY OF BIÑAN', 'GANADO', '110.00', 0, '2023-02-04 11:18:18', '2023-02-04 11:18:32'),
(105, 'REGION IV-A (CALABARZON)', 'LAGUNA', 'CITY OF BIÑAN', 'LANGKIWA', '110.00', 0, '2023-02-04 11:18:18', '2023-02-04 11:18:32'),
(106, 'REGION IV-A (CALABARZON)', 'LAGUNA', 'CITY OF BIÑAN', 'LOMA', '110.00', 0, '2023-02-04 11:18:18', '2023-02-04 11:18:32'),
(107, 'REGION IV-A (CALABARZON)', 'LAGUNA', 'CITY OF BIÑAN', 'MALABAN', '110.00', 0, '2023-02-04 11:18:18', '2023-02-04 11:18:32'),
(108, 'REGION IV-A (CALABARZON)', 'LAGUNA', 'CITY OF BIÑAN', 'MALAMIG', '110.00', 0, '2023-02-04 11:18:18', '2023-02-04 11:18:32'),
(109, 'REGION IV-A (CALABARZON)', 'LAGUNA', 'CITY OF BIÑAN', 'MAMPALASAN', '110.00', 0, '2023-02-04 11:18:18', '2023-02-04 11:18:32'),
(110, 'REGION IV-A (CALABARZON)', 'LAGUNA', 'CITY OF BIÑAN', 'PLATERO', '110.00', 0, '2023-02-04 11:18:18', '2023-02-04 11:18:32'),
(111, 'REGION IV-A (CALABARZON)', 'LAGUNA', 'CITY OF BIÑAN', 'POBLACION - BIÑAN', '110.00', 0, '2023-02-04 11:18:18', '2023-02-04 11:18:32'),
(112, 'REGION IV-A (CALABARZON)', 'LAGUNA', 'CITY OF BIÑAN', 'SAN ANTONIO - BIÑAN', '110.00', 0, '2023-02-04 11:18:18', '2023-02-04 11:18:32'),
(113, 'REGION IV-A (CALABARZON)', 'LAGUNA', 'CITY OF BIÑAN', 'SAN FRANCISCO', '110.00', 0, '2023-02-04 11:18:18', '2023-02-04 11:18:32'),
(114, 'REGION IV-A (CALABARZON)', 'LAGUNA', 'CITY OF BIÑAN', 'SAN JOSE - BIÑAN', '110.00', 0, '2023-02-04 11:18:18', '2023-02-04 11:18:32'),
(115, 'REGION IV-A (CALABARZON)', 'LAGUNA', 'CITY OF BIÑAN', 'SAN VICENTE - BIÑAN', '110.00', 0, '2023-02-04 11:18:18', '2023-02-04 11:18:32'),
(116, 'REGION IV-A (CALABARZON)', 'LAGUNA', 'CITY OF BIÑAN', 'SANTO DOMINGO - BIÑAN', '110.00', 0, '2023-02-04 11:18:18', '2023-02-04 11:18:32'),
(117, 'REGION IV-A (CALABARZON)', 'LAGUNA', 'CITY OF BIÑAN', 'SANTO NIÑO - BIÑAN', '110.00', 0, '2023-02-04 11:18:18', '2023-02-04 11:18:32'),
(118, 'REGION IV-A (CALABARZON)', 'LAGUNA', 'CITY OF BIÑAN', 'SORO-SORO', '110.00', 0, '2023-02-04 11:18:18', '2023-02-04 11:18:32'),
(119, 'REGION IV-A (CALABARZON)', 'LAGUNA', 'CITY OF BIÑAN', 'TIMBAO', '110.00', 0, '2023-02-04 11:18:18', '2023-02-04 11:18:32'),
(120, 'REGION IV-A (CALABARZON)', 'LAGUNA', 'CITY OF BIÑAN', 'TUBIGAN', '110.00', 0, '2023-02-04 11:18:18', '2023-02-04 11:18:32'),
(121, 'REGION IV-A (CALABARZON)', 'LAGUNA', 'CITY OF BIÑAN', 'ZAPOTE - BIÑAN', '110.00', 0, '2023-02-04 11:18:18', '2023-02-04 11:18:32'),
(122, 'REGION IV-A (CALABARZON)', 'LAGUNA', 'CITY OF SANTA ROSA', 'APLAYA', '110.00', 0, '2023-02-04 11:18:18', '2023-02-04 11:18:32'),
(123, 'REGION IV-A (CALABARZON)', 'LAGUNA', 'CITY OF SANTA ROSA', 'BALIBAGO', '110.00', 0, '2023-02-04 11:18:18', '2023-02-04 11:18:32'),
(124, 'REGION IV-A (CALABARZON)', 'LAGUNA', 'CITY OF SANTA ROSA', 'CAINGIN', '110.00', 0, '2023-02-04 11:18:18', '2023-02-04 11:18:32'),
(125, 'REGION IV-A (CALABARZON)', 'LAGUNA', 'CITY OF SANTA ROSA', 'DILA', '110.00', 0, '2023-02-04 11:18:18', '2023-02-04 11:18:32'),
(126, 'REGION IV-A (CALABARZON)', 'LAGUNA', 'CITY OF SANTA ROSA', 'DITA', '110.00', 0, '2023-02-04 11:18:18', '2023-02-04 11:18:32'),
(127, 'REGION IV-A (CALABARZON)', 'LAGUNA', 'CITY OF SANTA ROSA', 'DON JOSE', '110.00', 0, '2023-02-04 11:18:18', '2023-02-04 11:18:32'),
(128, 'REGION IV-A (CALABARZON)', 'LAGUNA', 'CITY OF SANTA ROSA', 'IBABA', '110.00', 0, '2023-02-04 11:18:18', '2023-02-04 11:18:32'),
(129, 'REGION IV-A (CALABARZON)', 'LAGUNA', 'CITY OF SANTA ROSA', 'KANLURAN (POB.)', '110.00', 0, '2023-02-04 11:18:18', '2023-02-04 11:18:32'),
(130, 'REGION IV-A (CALABARZON)', 'LAGUNA', 'CITY OF SANTA ROSA', 'LABAS', '110.00', 0, '2023-02-04 11:18:18', '2023-02-04 11:18:32'),
(131, 'REGION IV-A (CALABARZON)', 'LAGUNA', 'CITY OF SANTA ROSA', 'MACABLING', '110.00', 0, '2023-02-04 11:18:18', '2023-02-04 11:18:32'),
(132, 'REGION IV-A (CALABARZON)', 'LAGUNA', 'CITY OF SANTA ROSA', 'MALITLIT', '110.00', 0, '2023-02-04 11:18:18', '2023-02-04 11:18:32'),
(133, 'REGION IV-A (CALABARZON)', 'LAGUNA', 'CITY OF SANTA ROSA', 'MALUSAK (POB.)', '110.00', 0, '2023-02-04 11:18:18', '2023-02-04 11:18:32'),
(134, 'REGION IV-A (CALABARZON)', 'LAGUNA', 'CITY OF SANTA ROSA', 'MARKET AREA (POB.)', '110.00', 0, '2023-02-04 11:18:18', '2023-02-04 11:18:32'),
(135, 'REGION IV-A (CALABARZON)', 'LAGUNA', 'CITY OF SANTA ROSA', 'POOK', '110.00', 0, '2023-02-04 11:18:18', '2023-02-04 11:18:32'),
(136, 'REGION IV-A (CALABARZON)', 'LAGUNA', 'CITY OF SANTA ROSA', 'PULONG SANTA CRUZ', '110.00', 0, '2023-02-04 11:18:18', '2023-02-04 11:18:32'),
(137, 'REGION IV-A (CALABARZON)', 'LAGUNA', 'CITY OF SANTA ROSA', 'SANTO DOMINGO - SANTA ROSA', '110.00', 0, '2023-02-04 11:18:18', '2023-02-04 11:18:32'),
(138, 'REGION IV-A (CALABARZON)', 'LAGUNA', 'CITY OF SANTA ROSA', 'SINALHAN', '110.00', 0, '2023-02-04 11:18:18', '2023-02-04 11:18:32'),
(139, 'REGION IV-A (CALABARZON)', 'LAGUNA', 'CITY OF SANTA ROSA', 'TAGAPO', '110.00', 0, '2023-02-04 11:18:18', '2023-02-04 11:18:32'),
(140, 'REGION IV-A (CALABARZON)', 'LAGUNA', 'CITY OF CALAMBA', 'BAGONG KALSADA', '110.00', 0, '2023-02-04 11:18:18', '2023-02-04 11:18:32'),
(141, 'REGION IV-A (CALABARZON)', 'LAGUNA', 'CITY OF CALAMBA', 'BANADERO', '110.00', 0, '2023-02-04 11:18:18', '2023-02-04 11:18:32'),
(142, 'REGION IV-A (CALABARZON)', 'LAGUNA', 'CITY OF CALAMBA', 'BANLIC', '110.00', 0, '2023-02-04 11:18:18', '2023-02-04 11:18:32'),
(143, 'REGION IV-A (CALABARZON)', 'LAGUNA', 'CITY OF CALAMBA', 'BARANDAL', '110.00', 0, '2023-02-04 11:18:18', '2023-02-04 11:18:32'),
(144, 'REGION IV-A (CALABARZON)', 'LAGUNA', 'CITY OF CALAMBA', 'BARANGAY 1 (POB.)', '110.00', 0, '2023-02-04 11:18:18', '2023-02-04 11:18:32'),
(145, 'REGION IV-A (CALABARZON)', 'LAGUNA', 'CITY OF CALAMBA', 'BARANGAY 2 (POB.)', '110.00', 0, '2023-02-04 11:18:18', '2023-02-04 11:18:32'),
(146, 'REGION IV-A (CALABARZON)', 'LAGUNA', 'CITY OF CALAMBA', 'BARANGAY 3 (POB.)', '110.00', 0, '2023-02-04 11:18:18', '2023-02-04 11:18:32'),
(147, 'REGION IV-A (CALABARZON)', 'LAGUNA', 'CITY OF CALAMBA', 'BARANGAY 4 (POB.)', '110.00', 0, '2023-02-04 11:18:18', '2023-02-04 11:18:32'),
(148, 'REGION IV-A (CALABARZON)', 'LAGUNA', 'CITY OF CALAMBA', 'BARANGAY 5 (POB.)', '110.00', 0, '2023-02-04 11:18:18', '2023-02-04 11:18:32'),
(149, 'REGION IV-A (CALABARZON)', 'LAGUNA', 'CITY OF CALAMBA', 'BARANGAY 6 (POB.)', '110.00', 0, '2023-02-04 11:18:18', '2023-02-04 11:18:32'),
(150, 'REGION IV-A (CALABARZON)', 'LAGUNA', 'CITY OF CALAMBA', 'BARANGAY 7 (POB.)', '110.00', 0, '2023-02-04 11:18:18', '2023-02-04 11:18:32'),
(151, 'REGION IV-A (CALABARZON)', 'LAGUNA', 'CITY OF CALAMBA', 'BATINO', '110.00', 0, '2023-02-04 11:18:18', '2023-02-04 11:18:32'),
(152, 'REGION IV-A (CALABARZON)', 'LAGUNA', 'CITY OF CALAMBA', 'BUBUYAN', '110.00', 0, '2023-02-04 11:18:18', '2023-02-04 11:18:32'),
(153, 'REGION IV-A (CALABARZON)', 'LAGUNA', 'CITY OF CALAMBA', 'BUCAL', '110.00', 0, '2023-02-04 11:18:18', '2023-02-04 11:18:32'),
(154, 'REGION IV-A (CALABARZON)', 'LAGUNA', 'CITY OF CALAMBA', 'BUNGGO', '110.00', 0, '2023-02-04 11:18:18', '2023-02-04 11:18:32'),
(155, 'REGION IV-A (CALABARZON)', 'LAGUNA', 'CITY OF CALAMBA', 'BUROL', '110.00', 0, '2023-02-04 11:18:18', '2023-02-04 11:18:32'),
(156, 'REGION IV-A (CALABARZON)', 'LAGUNA', 'CITY OF CALAMBA', 'CAMALIGAN', '110.00', 0, '2023-02-04 11:18:18', '2023-02-04 11:18:32'),
(157, 'REGION IV-A (CALABARZON)', 'LAGUNA', 'CITY OF CALAMBA', 'CANLUBANG', '110.00', 0, '2023-02-04 11:18:18', '2023-02-04 11:18:32'),
(158, 'REGION IV-A (CALABARZON)', 'LAGUNA', 'CITY OF CALAMBA', 'HALANG', '110.00', 0, '2023-02-04 11:18:18', '2023-02-04 11:18:32'),
(159, 'REGION IV-A (CALABARZON)', 'LAGUNA', 'CITY OF CALAMBA', 'HORNALAN', '110.00', 0, '2023-02-04 11:18:18', '2023-02-04 11:18:32'),
(160, 'REGION IV-A (CALABARZON)', 'LAGUNA', 'CITY OF CALAMBA', 'KAY-ANLOG', '110.00', 0, '2023-02-04 11:18:18', '2023-02-04 11:18:32'),
(161, 'REGION IV-A (CALABARZON)', 'LAGUNA', 'CITY OF CALAMBA', 'LA MESA', '110.00', 0, '2023-02-04 11:18:18', '2023-02-04 11:18:32'),
(162, 'REGION IV-A (CALABARZON)', 'LAGUNA', 'CITY OF CALAMBA', 'LAGUERTA', '110.00', 0, '2023-02-04 11:18:18', '2023-02-04 11:18:32'),
(163, 'REGION IV-A (CALABARZON)', 'LAGUNA', 'CITY OF CALAMBA', 'LAWA', '110.00', 0, '2023-02-04 11:18:18', '2023-02-04 11:18:32'),
(164, 'REGION IV-A (CALABARZON)', 'LAGUNA', 'CITY OF CALAMBA', 'LECHERIA', '110.00', 0, '2023-02-04 11:18:18', '2023-02-04 11:18:32'),
(165, 'REGION IV-A (CALABARZON)', 'LAGUNA', 'CITY OF CALAMBA', 'LINGGA', '110.00', 0, '2023-02-04 11:18:18', '2023-02-04 11:18:32'),
(166, 'REGION IV-A (CALABARZON)', 'LAGUNA', 'CITY OF CALAMBA', 'LOOC', '110.00', 0, '2023-02-04 11:18:18', '2023-02-04 11:18:32'),
(167, 'REGION IV-A (CALABARZON)', 'LAGUNA', 'CITY OF CALAMBA', 'MABATO', '110.00', 0, '2023-02-04 11:18:18', '2023-02-04 11:18:32'),
(168, 'REGION IV-A (CALABARZON)', 'LAGUNA', 'CITY OF CALAMBA', 'MAJADA LABAS', '110.00', 0, '2023-02-04 11:18:18', '2023-02-04 11:18:32'),
(169, 'REGION IV-A (CALABARZON)', 'LAGUNA', 'CITY OF CALAMBA', 'MAKILING', '110.00', 0, '2023-02-04 11:18:18', '2023-02-04 11:18:32'),
(170, 'REGION IV-A (CALABARZON)', 'LAGUNA', 'CITY OF CALAMBA', 'MAPAGONG', '110.00', 0, '2023-02-04 11:18:18', '2023-02-04 11:18:32'),
(171, 'REGION IV-A (CALABARZON)', 'LAGUNA', 'CITY OF CALAMBA', 'MASILI', '110.00', 0, '2023-02-04 11:18:18', '2023-02-04 11:18:32'),
(172, 'REGION IV-A (CALABARZON)', 'LAGUNA', 'CITY OF CALAMBA', 'MAUNONG', '110.00', 0, '2023-02-04 11:18:18', '2023-02-04 11:18:32'),
(173, 'REGION IV-A (CALABARZON)', 'LAGUNA', 'CITY OF CALAMBA', 'MAYAPA', '110.00', 0, '2023-02-04 11:18:18', '2023-02-04 11:18:32'),
(174, 'REGION IV-A (CALABARZON)', 'LAGUNA', 'CITY OF CALAMBA', 'MILAGROSA', '110.00', 0, '2023-02-04 11:18:18', '2023-02-04 11:18:32'),
(175, 'REGION IV-A (CALABARZON)', 'LAGUNA', 'CITY OF CALAMBA', 'PACIANO RIZAL', '110.00', 0, '2023-02-04 11:18:18', '2023-02-04 11:18:32'),
(176, 'REGION IV-A (CALABARZON)', 'LAGUNA', 'CITY OF CALAMBA', 'PALINGON', '110.00', 0, '2023-02-04 11:18:18', '2023-02-04 11:18:32'),
(177, 'REGION IV-A (CALABARZON)', 'LAGUNA', 'CITY OF CALAMBA', 'PALO-ALTO', '110.00', 0, '2023-02-04 11:18:18', '2023-02-04 11:18:32'),
(178, 'REGION IV-A (CALABARZON)', 'LAGUNA', 'CITY OF CALAMBA', 'PANSOL', '110.00', 0, '2023-02-04 11:18:18', '2023-02-04 11:18:32'),
(179, 'REGION IV-A (CALABARZON)', 'LAGUNA', 'CITY OF CALAMBA', 'PARIAN', '110.00', 0, '2023-02-04 11:18:18', '2023-02-04 11:18:32'),
(180, 'REGION IV-A (CALABARZON)', 'LAGUNA', 'CITY OF CALAMBA', 'PRINZA', '110.00', 0, '2023-02-04 11:18:18', '2023-02-04 11:18:32'),
(181, 'REGION IV-A (CALABARZON)', 'LAGUNA', 'CITY OF CALAMBA', 'PUNTA', '110.00', 0, '2023-02-04 11:18:18', '2023-02-04 11:18:32'),
(182, 'REGION IV-A (CALABARZON)', 'LAGUNA', 'CITY OF CALAMBA', 'PUTING LUPA', '110.00', 0, '2023-02-04 11:18:18', '2023-02-04 11:18:32'),
(183, 'REGION IV-A (CALABARZON)', 'LAGUNA', 'CITY OF CALAMBA', 'REAL', '110.00', 0, '2023-02-04 11:18:18', '2023-02-04 11:18:32'),
(184, 'REGION IV-A (CALABARZON)', 'LAGUNA', 'CITY OF CALAMBA', 'SAIMSIM', '110.00', 0, '2023-02-04 11:18:18', '2023-02-04 11:18:32'),
(185, 'REGION IV-A (CALABARZON)', 'LAGUNA', 'CITY OF CALAMBA', 'SAMPIRUHAN', '110.00', 0, '2023-02-04 11:18:18', '2023-02-04 11:18:32'),
(186, 'REGION IV-A (CALABARZON)', 'LAGUNA', 'CITY OF CALAMBA', 'SAN CRISTOBAL', '110.00', 0, '2023-02-04 11:18:18', '2023-02-04 11:18:32'),
(187, 'REGION IV-A (CALABARZON)', 'LAGUNA', 'CITY OF CALAMBA', 'SAN JOSE - CALAMBA', '110.00', 0, '2023-02-04 11:18:18', '2023-02-04 11:18:32'),
(188, 'REGION IV-A (CALABARZON)', 'LAGUNA', 'CITY OF CALAMBA', 'SAN JUAN', '110.00', 0, '2023-02-04 11:18:18', '2023-02-04 11:18:32'),
(189, 'REGION IV-A (CALABARZON)', 'LAGUNA', 'CITY OF CALAMBA', 'SIRANG LUPA', '110.00', 0, '2023-02-04 11:18:18', '2023-02-04 11:18:32'),
(190, 'REGION IV-A (CALABARZON)', 'LAGUNA', 'CITY OF CALAMBA', 'SUCOL', '110.00', 0, '2023-02-04 11:18:18', '2023-02-04 11:18:32'),
(191, 'REGION IV-A (CALABARZON)', 'LAGUNA', 'CITY OF CALAMBA', 'TURBINA', '110.00', 0, '2023-02-04 11:18:18', '2023-02-04 11:18:32'),
(192, 'REGION IV-A (CALABARZON)', 'LAGUNA', 'CITY OF CALAMBA', 'ULANGO', '110.00', 0, '2023-02-04 11:18:18', '2023-02-04 11:18:32'),
(193, 'REGION IV-A (CALABARZON)', 'LAGUNA', 'CITY OF CALAMBA', 'UWISAN', '110.00', 0, '2023-02-04 11:18:18', '2023-02-04 11:18:32'),
(198, 'NATIONAL CAPITAL REGION (NCR)', 'FOURTH DISTRICT (NOT A PROVINCE)', 'CITY OF PASAY', 'F.CRUZ', '150.00', 1, '2023-03-07 04:00:18', '2023-03-07 04:00:35');

-- --------------------------------------------------------

--
-- Table structure for table `carts`
--

CREATE TABLE `carts` (
  `id` int(11) NOT NULL,
  `user_id` int(11) NOT NULL,
  `prod_id` int(11) NOT NULL,
  `prod_qty` int(11) NOT NULL,
  `created_at` timestamp NOT NULL DEFAULT current_timestamp()
) ENGINE=InnoDB DEFAULT CHARSET=utf8mb4;

--
-- Dumping data for table `carts`
--

INSERT INTO `carts` (`id`, `user_id`, `prod_id`, `prod_qty`, `created_at`) VALUES
(36, 7, 9, 1, '2022-12-03 04:10:58'),
(37, 7, 1, 2, '2022-12-03 04:11:05'),
(38, 7, 2, 1, '2022-12-03 04:11:09'),
(81, 11, 4, 1, '2022-12-11 14:08:57'),
(125, 14, 18, 1, '2023-01-15 06:52:04'),
(136, 22, 13, 1, '2023-01-21 06:26:49'),
(199, 4, 12, 5, '2023-02-03 11:58:44'),
(204, 37, 18, 1, '2023-02-04 12:59:50'),
(273, 42, 18, 1, '2023-02-08 13:55:49'),
(277, 47, 18, 1, '2023-02-10 05:57:12'),
(279, 1, 14, 1, '2023-02-16 11:03:45'),
(281, 56, 18, 1, '2023-02-17 06:51:46');

-- --------------------------------------------------------

--
-- Table structure for table `category`
--

CREATE TABLE `category` (
  `id` int(11) NOT NULL,
  `category_name` varchar(191) NOT NULL,
  `slug` varchar(191) NOT NULL,
  `category_desc` mediumtext NOT NULL,
  `category_image` varchar(191) NOT NULL,
  `status` tinyint(4) NOT NULL DEFAULT 0,
  `category_popular` tinyint(4) NOT NULL DEFAULT 0,
  `meta_title` varchar(191) NOT NULL,
  `meta_description` mediumtext NOT NULL,
  `meta_keywords` mediumtext NOT NULL,
  `created_at` timestamp NOT NULL DEFAULT current_timestamp(),
  `updated_at` timestamp NOT NULL DEFAULT current_timestamp()
) ENGINE=InnoDB DEFAULT CHARSET=utf8mb4;

--
-- Dumping data for table `category`
--

INSERT INTO `category` (`id`, `category_name`, `slug`, `category_desc`, `category_image`, `status`, `category_popular`, `meta_title`, `meta_description`, `meta_keywords`, `created_at`, `updated_at`) VALUES
(39, 'Pasta', 'pasta', 'delicious pastassssssssss', 'Pasta.jpg', 0, 0, '', '', '', '2023-01-15 06:20:40', '2023-02-01 07:34:31'),
(40, 'Rolls', 'rolls', 'Delicious rolls wow', 'Rolls.jpg', 0, 0, '', '', '', '2023-01-15 06:20:55', '2023-02-01 07:38:45'),
(41, 'Cookies and Bars', 'cookies and bars', 'Delicious cookies and bars', 'Cookies and Bars.jpg', 0, 0, '', '', '', '2023-01-15 06:21:06', '0000-00-00 00:00:00'),
(42, 'Package', 'package', 'Delicious package', 'Package.jpg', 0, 0, '', '', '', '2023-01-15 06:21:16', '0000-00-00 00:00:00');

-- --------------------------------------------------------

--
-- Table structure for table `faqs`
--

CREATE TABLE `faqs` (
  `id` int(11) NOT NULL,
  `question` text NOT NULL,
  `answer` longtext NOT NULL,
  `updated_at` timestamp NOT NULL DEFAULT current_timestamp()
) ENGINE=InnoDB DEFAULT CHARSET=utf8mb4;

--
-- Dumping data for table `faqs`
--

INSERT INTO `faqs` (`id`, `question`, `answer`, `updated_at`) VALUES
(2, 'What are the available Mode of Payments?', '<p>The mode of payments are:</p>\r\n<ul>\r\n<li style=\"font-weight: bold;\"><strong>GCash</strong></li>\r\n<li style=\"font-weight: bold;\"><strong>PayPal</strong></li>\r\n<li style=\"font-weight: bold;\"><strong>Credit Card/Debit Card</strong></li>\r\n</ul>', '2023-02-01 07:39:27'),
(3, 'How far in advance should I place my order?', '<p style=\"text-align: justify;\">At least a day after the order placement. We do not cater same day delivery.</p>', '2023-02-17 06:38:32'),
(13, 'Do you make everything in-house?', '<p style=\"text-align: justify;\">Yes, our business started during the pandemic and we do not have physical store as of now.</p>', '2023-02-17 06:40:03'),
(16, 'Can I order on the same day?', '<p>No, we do not offer same-day delivery. We require at least one day for processing and preparing your order</p>', '2023-03-07 02:51:30'),
(17, 'What are the delivery hours? ', '<p>Our delivery hours are from 9AM-7PM, to ensure on-time and efficient service.</p>', '2023-03-07 02:51:48'),
(19, 'What if there`s a problem with my order?', '<p>If you face any issues with your order, please get in touch with us at <strong>chubbygourmet@gmail.com</strong> at the earliest. We will make every effort to resolve the problem and ensure that you are satisfied with our service.</p>', '2023-03-07 02:53:30');

-- --------------------------------------------------------

--
-- Table structure for table `inventory`
--

CREATE TABLE `inventory` (
  `id` int(11) NOT NULL,
  `name` varchar(191) NOT NULL,
  `slug` varchar(191) NOT NULL,
  `qty` int(11) NOT NULL,
  `status` tinyint(4) NOT NULL,
  `measurement` varchar(191) NOT NULL,
  `created_at` timestamp NOT NULL DEFAULT current_timestamp(),
  `updated_at` timestamp NOT NULL DEFAULT current_timestamp()
) ENGINE=InnoDB DEFAULT CHARSET=utf8mb4;

--
-- Dumping data for table `inventory`
--

INSERT INTO `inventory` (`id`, `name`, `slug`, `qty`, `status`, `measurement`, `created_at`, `updated_at`) VALUES
(1, 'Eggs', 'Eggs', 15, 0, 'pieces', '2022-12-21 03:44:53', '2023-03-07 04:16:58'),
(5, 'Flour', 'Flour', 15, 0, 'packs', '2023-01-21 06:14:36', '2023-02-17 06:36:08'),
(7, 'Cornstarch', 'Cornstarch', 7, 0, 'packs', '2023-02-11 10:31:09', '2023-03-01 03:11:00'),
(8, 'Garlic', 'garlic', 20, 0, 'pieces', '2023-02-17 06:30:47', '2023-02-17 06:30:47'),
(9, 'Onion', 'onion', 15, 0, 'pieces', '2023-02-17 06:31:01', '2023-02-17 06:31:01'),
(14, 'Sugar', 'sugar', 10, 0, 'packs', '2023-03-07 03:14:06', '2023-03-07 03:14:06'),
(15, 'Baking Powder', 'baking powder', 10, 0, 'packs', '2023-03-07 03:14:17', '2023-03-07 03:14:17'),
(16, 'Vanilla Extract', 'vanilla extract', 8, 0, 'packs', '2023-03-07 03:14:30', '2023-03-07 03:14:30'),
(17, 'Cinnamon', 'cinnamon', 8, 0, 'packs', '2023-03-07 03:14:47', '2023-03-07 03:14:47'),
(18, 'Parmesan Cheese', 'parmesan cheese', 8, 0, 'packs', '2023-03-07 03:15:06', '2023-03-07 03:15:06');

-- --------------------------------------------------------

--
-- Table structure for table `orders`
--

CREATE TABLE `orders` (
  `id` int(11) NOT NULL,
  `tracking_no` varchar(191) NOT NULL,
  `user_id` int(191) NOT NULL,
  `first_name` varchar(191) NOT NULL,
  `last_name` varchar(191) NOT NULL,
  `email` varchar(191) NOT NULL,
  `phone` varchar(191) NOT NULL,
  `region` varchar(191) NOT NULL,
  `province` varchar(191) NOT NULL,
  `city` varchar(191) NOT NULL,
  `barangay` varchar(191) NOT NULL,
  `delivery_fee` decimal(10,2) NOT NULL,
  `house_number` varchar(191) NOT NULL,
  `street` varchar(191) NOT NULL,
  `landmark` varchar(191) NOT NULL,
  `postal_code` int(10) NOT NULL,
  `delivery_date` varchar(191) NOT NULL,
  `time` time NOT NULL,
  `subtotal_price` decimal(10,2) NOT NULL,
  `total_price` decimal(10,2) NOT NULL,
  `payment_mode` varchar(191) NOT NULL,
  `payment_id` varchar(191) DEFAULT NULL,
  `status` tinyint(4) NOT NULL DEFAULT 0,
  `comments` varchar(255) DEFAULT NULL,
  `notice` varchar(191) NOT NULL,
  `created_at` timestamp NOT NULL DEFAULT current_timestamp(),
  `date` date NOT NULL DEFAULT current_timestamp(),
  `updated_at` timestamp NOT NULL DEFAULT current_timestamp()
) ENGINE=InnoDB DEFAULT CHARSET=utf8mb4;

--
-- Dumping data for table `orders`
--

INSERT INTO `orders` (`id`, `tracking_no`, `user_id`, `first_name`, `last_name`, `email`, `phone`, `region`, `province`, `city`, `barangay`, `delivery_fee`, `house_number`, `street`, `landmark`, `postal_code`, `delivery_date`, `time`, `subtotal_price`, `total_price`, `payment_mode`, `payment_id`, `status`, `comments`, `notice`, `created_at`, `date`, `updated_at`) VALUES
(50, '202380568', 2, 'Lester Dave', 'Salazar', 'lesterdavesalazar15@gmail.com', '9355535180', 'NATIONAL CAPITAL REGION (NCR)', ' NCR, FOURTH DISTRICT (NOT A PROVINCE)', 'CITY OF MAKATI', 'FORBES PARK', '0.00', '179', 'James', 'asdd', 1300, '2023-01-22', '13:54:00', '0.00', '980.00', 'GCash', '1234567898765', 3, NULL, '', '2023-01-21 01:54:09', '2023-01-21', '2023-02-13 04:48:25'),
(52, '202314745', 4, 'Miyawaki', 'Sakura', 'sakura@gmail.com', '9772168841', 'NATIONAL CAPITAL REGION (NCR)', ' NCR, FOURTH DISTRICT (NOT A PROVINCE)', 'CITY OF MAKATI', 'PITOGO', '0.00', '101', 'LeSsera', 'Iz*land', 1212, '2023-01-23', '11:57:00', '0.00', '800.00', 'GCash', '1234567898765', 0, NULL, '', '2023-01-21 01:57:31', '2023-01-21', '2023-02-01 07:42:56'),
(53, '202370890', 1, 'Chubby', 'Gourmet', 'chubbygourmet@gmail.com', '9123456789', 'NATIONAL CAPITAL REGION (NCR)', ' NCR, FOURTH DISTRICT (NOT A PROVINCE)', 'CITY OF MAKATI', 'PITOGO', '0.00', 'das', 'das', 'das', 1300, '2023-01-22', '14:16:00', '0.00', '500.00', 'GCash', '1234567898765', 1, NULL, '', '2023-01-21 06:17:11', '2023-01-21', '2023-02-08 07:37:58'),
(54, '202334275', 1, 'Chubby', 'Gourmet', 'chubbygourmet@gmail.com', '9123456789', 'REGION IV-A (CALABARZON)', ' LAGUNA', 'CITY OF SAN PEDRO', 'RIVERSIDE', '0.00', 'sa', 'das', 'dasda', 1345, '2023-01-23', '12:00:00', '0.00', '200.00', 'GCash', '3214567854392', 2, NULL, '', '2023-01-22 02:55:19', '2023-01-22', '2023-02-08 07:37:55'),
(64, '202321486', 1, 'Chubby', 'Gourmet', 'chubbygourmet@gmail.com', '9772168841', 'NATIONAL CAPITAL REGION (NCR)', ' NCR, FOURTH DISTRICT (NOT A PROVINCE)', 'CITY OF MUNTINLUPA', 'ALABANG', '0.00', '792', 'Malibay', 'SJN Church', 1233, '2023-01-27', '12:02:00', '0.00', '500.00', 'GCash', '1231241254125', 0, NULL, '', '2023-01-26 04:03:32', '2023-01-26', '2023-02-01 07:42:56'),
(65, '202382625', 1, 'Chubby', 'Gourmet', 'chubbygourmet@gmail.com', '9772168841', 'NATIONAL CAPITAL REGION (NCR)', ' NCR, FOURTH DISTRICT (NOT A PROVINCE)', 'CITY OF MAKATI', 'PIO DEL PILAR', '0.00', '111', 'F.Cruz St.', 'sera', 1231, '2023-01-28', '12:03:00', '0.00', '800.00', 'GCash', '1231241254125', 0, NULL, '', '2023-01-26 04:04:00', '2023-01-26', '2023-02-01 07:42:56'),
(66, '202360505', 1, 'Chubby', 'Gourmet', 'chubbygourmet@gmail.com', '9772168841', 'REGION IV-A (CALABARZON)', ' LAGUNA', 'CITY OF CALAMBA', 'CAMALIGAN', '0.00', '22a', 'F.Cruz St.', 'ditto', 1231, '2023-01-27', '12:05:00', '0.00', '800.00', 'GCash', '1231241254125', 0, NULL, '', '2023-01-26 04:05:51', '2023-01-26', '2023-02-01 07:42:56'),
(71, '2023199734', 4, 'Miyawaki', 'Sakura', 'sakura@gmail.com', '9772168841', 'REGION IV-A (CALABARZON)', ' LAGUNA', 'CITY OF BIÑAN', 'SANTO NIÑO', '0.00', '101', 'LeSsera', 'Iz*land', 1212, '2023-02-01', '17:53:00', '0.00', '630.00', 'GCash', '1231241254125', 0, NULL, '', '2023-01-31 13:53:17', '2023-01-31', '2023-02-01 07:42:56'),
(72, '2023741915', 4, 'Miyawaki', 'Sakura', 'sakura@gmail.com', '9772168841', 'REGION IV-A (CALABARZON)', ' LAGUNA', 'CITY OF BIÑAN', 'SANTO NIÑO', '0.00', '101', 'LeSsera', 'Iz*land', 1212, '2023-02-04', '17:55:00', '0.00', '630.00', 'GCash', '1231241254125', 0, NULL, '', '2023-01-31 13:55:15', '2023-01-31', '2023-02-01 07:42:56'),
(73, '2023706909', 4, 'Miyawaki', 'Sakura', 'sakura@gmail.com', '9772168841', 'NATIONAL CAPITAL REGION (NCR)', ' ', 'CITY OF MAKATI', 'POBLACION', '0.00', '101', 'LeSsera', 'Iz*land', 1212, '2023-02-10', '17:55:00', '0.00', '610.00', 'GCash', '1231241254125', 0, NULL, '', '2023-01-31 13:56:00', '2023-01-31', '2023-02-01 07:42:56'),
(74, '2023858653', 4, 'Miyawaki', 'Sakura', 'sakura@gmail.com', '9772168841', 'NATIONAL CAPITAL REGION (NCR)', ' NCR, FOURTH DISTRICT (NOT A PROVINCE)', 'CITY OF MAKATI', 'POBLACION', '0.00', '101', 'LeSsera', 'Iz*land', 1212, '2023-03-10', '16:59:00', '0.00', '610.00', 'GCash', '1231241254125', 0, NULL, '', '2023-01-31 13:59:40', '2023-01-31', '2023-02-01 07:42:56'),
(75, '2023222523', 4, 'Miyawaki', 'Sakura', 'sakura@gmail.com', '9772168841', 'REGION IV-A (CALABARZON)', ' LAGUNA', 'CITY OF SAN PEDRO', 'POBLACION', '0.00', '101', 'LeSsera', 'Iz*land', 1212, '2023-02-09', '15:07:00', '0.00', '630.00', 'GCash', '1231241254125', 0, NULL, '', '2023-02-01 07:07:42', '2023-02-01', '2023-02-01 07:42:56'),
(76, '2023500252', 4, 'Miyawaki', 'Sakura', 'sakura@gmail.com', '9772168841', 'NATIONAL CAPITAL REGION (NCR)', ' NCR, FOURTH DISTRICT (NOT A PROVINCE)', 'CITY OF MAKATI', 'PITOGO', '0.00', '101', 'LeSsera', 'Iz*land', 1212, '2023-02-02', '15:08:00', '0.00', '670.00', 'GCash', '1231241254125', 0, NULL, '', '2023-02-01 07:08:18', '2023-02-01', '2023-02-01 07:42:56'),
(77, '2023471020', 4, 'Miyawaki', 'Sakura', 'sakura@gmail.com', '9772168841', 'NATIONAL CAPITAL REGION (NCR)', ' NCR, FOURTH DISTRICT (NOT A PROVINCE)', 'CITY OF MAKATI', 'POBLACION', '0.00', '101', 'LeSsera', 'Iz*land', 1212, '2023-02-02', '15:11:00', '520.00', '670.00', 'GCash', '1231241254125', 0, NULL, '', '2023-02-01 07:11:26', '2023-02-01', '2023-02-01 07:42:56'),
(78, '2023292488', 4, 'Miyawaki', 'Sakura', 'sakura@gmail.com', '9772168841', 'REGION IV-A (CALABARZON)', ' LAGUNA', 'CITY OF CALAMBA', 'BANADERO', '0.00', '101', 'LeSsera', 'Iz*land', 1212, '2023-02-02', '15:12:00', '520.00', '630.00', 'GCash', '1231241254125', 2, NULL, '', '2023-02-01 07:12:05', '2023-02-01', '2023-02-08 07:37:52'),
(79, '2023961518', 1, 'Chubby', 'Gourmet', 'chubbygourmet@gmail.com', '9772168841', 'NATIONAL CAPITAL REGION (NCR)', ' NCR, FOURTH DISTRICT (NOT A PROVINCE)', 'CITY OF PARAÑAQUE', 'DON BOSCO', '0.00', '792', 'Malibay', 'SJN Church', 1333, '2023-02-02', '15:40:00', '500.00', '650.00', 'GCash', '1231241254125', 0, NULL, '', '2023-02-01 07:40:49', '2023-02-01', '2023-02-01 07:48:54'),
(83, '2023508239', 1, 'Chubby', 'Gourmet', 'chubbygourmet@gmail.com', '9237285921', 'REGION IV-A (CALABARZON)', ' LAGUNA', 'CITY OF BIÑAN', 'BIÑAN', '0.00', '792', 'Malibay', 'SJN Church', 1231, '2023-02-06', '12:17:00', '1520.00', '1630.00', 'GCash', '1231241254125', 0, '', '', '2023-02-05 04:17:55', '2023-02-05', '2023-02-05 04:17:55'),
(84, '2023540078', 1, 'Chubby', 'Gourmet', 'chubbygourmet@gmail.com', '9772168841', 'NATIONAL CAPITAL REGION (NCR)', ' NCR, FOURTH DISTRICT (NOT A PROVINCE)', 'CITY OF LAS PIÑAS', 'TALON DOS', '0.00', '792', 'Malibay', 'SJN Church', 1231, '2023-02-06', '12:22:00', '2920.00', '3070.00', 'GCash', '1231241254125', 2, '', 'no address\r\n\r\nKindly email us your address at chubbygourmet@gmail.com\r\nor\r\nmessage us on Facebook: Chubby Gourmet', '2023-02-05 04:22:38', '2023-02-05', '2023-02-08 07:38:40'),
(85, '2023893732', 41, 'Eunchae', 'Rosel', 'rysalw4m@gmail.com', '9772168841', 'NATIONAL CAPITAL REGION (NCR)', ' NCR, FOURTH DISTRICT (NOT A PROVINCE)', 'CITY OF PARAÑAQUE', 'BACLARAN', '0.00', '792', 'F.Cruz St.', 'Iz*land', 1212, '2023-02-06', '13:11:00', '520.00', '670.00', 'GCash', '1231241254125', 0, '', '', '2023-02-05 05:11:27', '2023-02-05', '2023-02-05 05:11:27'),
(134, '2023112607', 1, 'Chubby', 'Gourmet', 'chubbygourmet@gmail.com', '9772168841', 'NATIONAL CAPITAL REGION (NCR)', ' NCR, FOURTH DISTRICT (NOT A PROVINCE)', 'CITY OF MAKATI', 'PITOGO', '0.00', '792', '2321', '23', 1231, '2023-02-09', '16:00:00', '520.00', '670.00', 'GCash', '1231241254125', 0, '', '', '2023-02-08 08:00:55', '2023-02-08', '2023-02-08 08:00:55'),
(135, '2023682493', 42, 'Eunchae', 'Rosel', 'rysalw4m@gmail.com', '9772168841', 'NATIONAL CAPITAL REGION (NCR)', ' NCR, FOURTH DISTRICT (NOT A PROVINCE)', 'CITY OF MAKATI', 'BANGKAL', '0.00', '792', 'Malibay', 'SJN Church', 1300, '2023-02-09', '12:52:00', '520.00', '670.00', 'GCash', '1231241254125', 2, '', '', '2023-02-08 13:52:50', '2023-02-08', '2023-02-08 13:53:37'),
(136, '2023221476', 43, 'John Rysal', 'Rosel', 'rysalw4m@gmail.com', '9772168841', 'NATIONAL CAPITAL REGION (NCR)', ' NCR, FOURTH DISTRICT (NOT A PROVINCE)', 'CITY OF MUNTINLUPA', 'ALABANG', '0.00', '111', 'Malibay', 'SJN Church', 1300, '2023-02-10', '13:23:00', '520.00', '670.00', 'GCash', '1231241254125', 2, '', 'Thank you!', '2023-02-09 05:25:10', '2023-02-09', '2023-02-09 05:27:04'),
(137, '2023662090', 1, 'Chubby', 'Gourmet', 'chubbygourmet@gmail.com', '9772168841', 'NATIONAL CAPITAL REGION (NCR)', ' NCR, FOURTH DISTRICT (NOT A PROVINCE)', 'CITY OF MUNTINLUPA', 'ALABANG', '0.00', '792', 'F.Cruz St.', 'SJN Church', 2312, '2023-02-10', '13:29:00', '520.00', '670.00', 'GCash', '1231241252322', 0, '', '', '2023-02-09 05:30:20', '2023-02-09', '2023-02-09 05:30:20'),
(139, '2023778003', 57, 'Chubby ', 'Gourmet', 'chubbygourmetshop@gmail.com', '9000000000', ' REGION IV-A (CALABARZON)', '  LAGUNA', ' CITY OF SANTA ROSA', ' APLAYA', '110.00', ' 1', ' 1', ' 1', 1000, '2023-02-19', '10:02:00', '1580.00', '1690.00', 'GCash', '1231241254129', 0, '', '', '2023-02-18 02:02:34', '2023-02-18', '2023-02-18 02:02:34'),
(140, '2023250230', 60, 'John Rysal', 'Rosel', 'jcrosel@student.apc.edu.ph', '9772168841', ' NATIONAL CAPITAL REGION (NCR)', '  FOURTH DISTRICT (NOT A PROVINCE)', ' CITY OF MAKATI', ' PITOGO', '150.00', ' 792', ' F.Cruz St.', ' SJN Church', 1301, '2023-03-02', '10:44:00', '200.00', '350.00', 'GCash', '1231241234122', 0, '', '', '2023-03-01 02:44:24', '2023-03-01', '2023-03-01 02:44:24'),
(141, '2023379641', 61, 'John Rysal', 'Rosel', 'jcrosel@student.apc.edu.ph', '9772168841', ' NATIONAL CAPITAL REGION (NCR)', '  FOURTH DISTRICT (NOT A PROVINCE)', ' CITY OF MAKATI', ' MAGALLANES', '150.00', ' 792', ' Malibay', ' ditto', 1300, '2023-03-02', '10:59:00', '500.00', '650.00', 'GCash', '1231241254123', 0, '', '', '2023-03-01 02:59:59', '2023-03-01', '2023-03-01 02:59:59'),
(142, '2023609064', 61, 'John Rysal', 'Rosel', 'jcrosel@student.apc.edu.ph', '9772168841', ' NATIONAL CAPITAL REGION (NCR)', '  FOURTH DISTRICT (NOT A PROVINCE)', ' CITY OF MAKATI', ' MAGALLANES', '150.00', ' 792', ' Malibay', ' ditto', 1300, '2023-03-02', '11:01:00', '500.00', '650.00', 'GCash', '1231241254129', 0, '', '', '2023-03-01 03:01:22', '2023-03-01', '2023-03-01 03:01:22'),
(143, '2023773294', 61, 'John Rysal', 'Rosel', 'jcrosel@student.apc.edu.ph', '9772168841', ' REGION IV-A (CALABARZON)', '  LAGUNA', ' CITY OF CALAMBA', ' BANADERO', '110.00', ' 111', ' Malibay', ' Iz*land', 1301, '2023-03-02', '11:01:00', '500.00', '610.00', 'GCash', '1231241254125', 2, '', 'thanks!', '2023-03-01 03:02:00', '2023-03-01', '2023-03-01 03:06:53'),
(148, '2023200335', 62, 'John Rysal', 'Rosel', 'jcrosel@student.apc.edu.ph', '9772168841', ' NATIONAL CAPITAL REGION (NCR)', '  FOURTH DISTRICT (NOT A PROVINCE)', ' CITY OF MAKATI', ' PITOGO', '150.00', ' 792', ' Malibay', ' SJN Church', 1301, '2023-03-07', '13:08:00', '500.00', '650.00', 'GCash', '1231241254129', 0, '', '', '2023-03-06 05:08:47', '2023-03-06', '2023-03-06 05:08:47'),
(168, '2023606793', 62, 'John Rysal', 'Rosel', 'jcrosel@student.apc.edu.ph', '9772168841', '', ' ', '', '', '0.00', '', '', '', 0, '2023-03-09', '18:12:00', '300.00', '450.00', 'GCash', '1231241254125', 0, '', '', '2023-03-06 10:12:27', '2023-03-06', '2023-03-06 10:12:27'),
(169, '2023307011', 62, 'John Rysal', 'Rosel', 'jcrosel@student.apc.edu.ph', '9772168841', '', ' ', '', '', '0.00', '', '', '', 0, '2023-03-08', '18:14:00', '520.00', '670.00', 'GCash', '1231241254125', 0, '', '', '2023-03-06 10:14:24', '2023-03-06', '2023-03-06 10:14:24'),
(170, '2023268524', 62, 'John Rysal', 'Rosel', 'jcrosel@student.apc.edu.ph', '9772168841', '', ' ', '', '', '0.00', '', '', '', 0, '2023-03-09', '18:17:00', '500.00', '650.00', 'GCash', '1231241254129', 0, '', '', '2023-03-06 10:17:03', '2023-03-06', '2023-03-06 10:17:03'),
(171, '2023922783', 62, 'John Rysal', 'Rosel', 'jcrosel@student.apc.edu.ph', '9772168841', '', ' ', '', '', '0.00', '', '', '', 0, '2023-03-07', '18:20:00', '500.00', '650.00', 'GCash', '1231241254129', 0, '', '', '2023-03-06 10:20:13', '2023-03-06', '2023-03-06 10:20:13'),
(173, '2023961716', 62, 'John Rysal', 'Rosel', 'jcrosel@student.apc.edu.ph', '9772168841', 'NATIONAL CAPITAL REGION (NCR)', ' FOURTH DISTRICT (NOT A PROVINCE)', 'CITY OF MAKATI', 'PITOGO', '150.00', '792', 'Malibay', 'SJN Church', 1301, '2023-03-08', '18:22:00', '520.00', '670.00', 'GCash', '1231241254123', 0, '', '', '2023-03-06 10:22:55', '2023-03-06', '2023-03-06 10:22:55'),
(175, '2023208275', 62, 'John Rysal', 'Rosel', 'jcrosel@student.apc.edu.ph', '9772168841', '', ' ', '', '', '0.00', '', '', '', 0, '2023-03-07', '18:27:00', '520.00', '670.00', 'GCash', '1231241254123', 0, '', '', '2023-03-06 10:27:19', '2023-03-06', '2023-03-06 10:27:19'),
(176, '2023552259', 62, 'John Rysal', 'Rosel', 'jcrosel@student.apc.edu.ph', '9772168841', '', ' ', '', '', '0.00', '', '', '', 0, '2023-03-09', '18:27:00', '500.00', '650.00', 'GCash', '1231241254123', 0, '', '', '2023-03-06 10:27:52', '2023-03-06', '2023-03-06 10:27:52'),
(177, '2023239852', 62, 'John Rysal', 'Rosel', 'jcrosel@student.apc.edu.ph', '9772168841', 'NATIONAL CAPITAL REGION (NCR)', ' FOURTH DISTRICT (NOT A PROVINCE)', 'CITY OF MAKATI', 'PITOGO', '150.00', '792', 'Malibay', 'SJN Church', 1301, '2023-03-17', '18:28:00', '520.00', '670.00', 'GCash', '1231241254125', 0, '', '', '2023-03-06 10:28:35', '2023-03-06', '2023-03-06 10:28:35'),
(178, '2023310918', 62, 'John Rysal', 'Rosel', 'jcrosel@student.apc.edu.ph', '9772168841', 'NATIONAL CAPITAL REGION (NCR)', ' FOURTH DISTRICT (NOT A PROVINCE)', 'CITY OF MAKATI', 'PITOGO', '150.00', '792', 'Malibay', 'SJN Church', 1301, '2023-03-17', '18:28:00', '0.00', '670.00', 'GCash', '1231241254125', 0, '', '', '2023-03-06 10:28:38', '2023-03-06', '2023-03-06 10:28:38'),
(179, '2023944974', 62, 'John Rysal', 'Rosel', 'jcrosel@student.apc.edu.ph', '9772168841', 'NATIONAL CAPITAL REGION (NCR)', ' FOURTH DISTRICT (NOT A PROVINCE)', 'CITY OF MAKATI', 'PITOGO', '150.00', '792', 'Malibay', 'SJN Church', 1301, '2023-03-07', '18:29:00', '500.00', '650.00', 'GCash', '1231241254125', 0, '', '', '2023-03-06 10:29:44', '2023-03-06', '2023-03-06 10:29:44'),
(180, '2023360994', 62, 'John Rysal', 'Rosel', 'jcrosel@student.apc.edu.ph', '9772168841', 'REGION IV-A (CALABARZON)', ' LAGUNA', 'CITY OF CALAMBA', 'BANLIC', '110.00', '792', 'Malibay', 'SJN Church', 1301, '2023-03-08', '18:30:00', '200.00', '310.00', 'GCash', '1231241254129', 0, '', '', '2023-03-06 10:30:10', '2023-03-06', '2023-03-06 10:30:10'),
(185, '2023722500', 62, 'John Rysal', 'Rosel', 'jcrosel@student.apc.edu.ph', '9772168841', 'NATIONAL CAPITAL REGION (NCR)', ' FOURTH DISTRICT (NOT A PROVINCE)', 'CITY OF MAKATI', 'PITOGO', '150.00', '792', 'Malibay', 'SJN Church', 1301, '2023-03-08', '18:38:00', '500.00', '650.00', 'PayPal', '57107178BV8111322', 0, '', '', '2023-03-06 10:38:18', '2023-03-06', '2023-03-06 10:38:18'),
(186, '2023787284', 62, 'John Rysal', 'Rosel', 'jcrosel@student.apc.edu.ph', '9772168841', 'REGION IV-A (CALABARZON)', ' LAGUNA', 'CITY OF CALAMBA', 'BANLIC', '110.00', '792', 'Malibay', 'SJN Church', 1301, '2023-03-09', '18:38:00', '1220.00', '1330.00', 'PayPal', '9V95462220712533X', 0, '', '', '2023-03-06 10:38:58', '2023-03-06', '2023-03-06 10:38:58'),
(187, '2023295675', 62, 'John Rysal', 'Rosel', 'jcrosel@student.apc.edu.ph', '9772168841', 'NATIONAL CAPITAL REGION (NCR)', ' FOURTH DISTRICT (NOT A PROVINCE)', 'CITY OF MAKATI', 'PITOGO', '150.00', '792', 'Malibay', 'SJN Church', 1301, '2023-03-07', '18:39:00', '700.00', '850.00', 'GCash', '1231241254129', 0, '', '', '2023-03-06 10:39:24', '2023-03-06', '2023-03-06 10:39:24'),
(188, '2023825769', 63, 'John Rysal', 'Rosel', 'jcrosel@student.apc.edu.ph', '9772168841', 'NATIONAL CAPITAL REGION (NCR)', ' FOURTH DISTRICT (NOT A PROVINCE)', 'CITY OF MAKATI', 'PITOGO', '150.00', '792', 'Malibay', 'SJN Church', 1301, '2023-03-08', '11:19:00', '520.00', '670.00', 'PayPal', '0S06081314804483T', 1, '', '', '2023-03-07 03:20:34', '2023-03-07', '2023-03-07 03:21:42'),
(189, '2023997723', 63, 'John Rysal', 'Rosel', 'jcrosel@student.apc.edu.ph', '9772168841', 'REGION IV-A (CALABARZON)', ' LAGUNA', 'CITY OF CALAMBA', 'BANADERO', '110.00', '111', 'F.Cruz St.', 'ditto', 1300, '2023-03-08', '11:21:00', '520.00', '630.00', 'GCash', '1231241254129', 1, '', '', '2023-03-07 03:21:12', '2023-03-07', '2023-03-07 03:22:00'),
(190, '2023562653', 63, 'John Rysal', 'Rosel', 'rysalw4m@gmail.com', '9772168841', 'NATIONAL CAPITAL REGION (NCR)', ' FOURTH DISTRICT (NOT A PROVINCE)', 'CITY OF MAKATI', 'PITOGO', '150.00', '792', 'Malibay', 'SJN Church', 1301, '2023-03-08', '11:23:00', '520.00', '670.00', 'GCash', '1231241254123', 0, '', '', '2023-03-07 03:23:23', '2023-03-07', '2023-03-07 03:23:23'),
(191, '2023302630', 64, 'John Rysal', 'Rosel', 'jcrosel@student.apc.edu.ph', '9772168841', 'NATIONAL CAPITAL REGION (NCR)', ' FOURTH DISTRICT (NOT A PROVINCE)', 'CITY OF MAKATI', 'MAGALLANES', '150.00', '792', 'Malibay', 'SJN Church', 1301, '2023-03-08', '12:06:00', '520.00', '670.00', 'PayPal', '6NY25445YB402383C', 2, 'Do not add salt', '', '2023-03-07 04:07:52', '2023-03-07', '2023-03-07 04:11:57');

-- --------------------------------------------------------

--
-- Table structure for table `order_items`
--

CREATE TABLE `order_items` (
  `id` int(11) NOT NULL,
  `order_id` int(191) NOT NULL,
  `prod_id` int(191) NOT NULL,
  `qty` int(191) NOT NULL,
  `price` decimal(10,2) NOT NULL,
  `order_items_status` tinyint(4) NOT NULL,
  `created_at` timestamp NOT NULL DEFAULT current_timestamp(),
  `date` date NOT NULL DEFAULT current_timestamp()
) ENGINE=InnoDB DEFAULT CHARSET=utf8mb4;

--
-- Dumping data for table `order_items`
--

INSERT INTO `order_items` (`id`, `order_id`, `prod_id`, `qty`, `price`, `order_items_status`, `created_at`, `date`) VALUES
(75, 50, 22, 1, '980.00', 3, '2023-01-21 01:54:09', '2023-01-21'),
(79, 52, 18, 1, '800.00', 0, '2023-01-21 01:57:31', '2023-01-21'),
(80, 53, 14, 1, '500.00', 1, '2023-01-21 06:17:12', '2023-01-21'),
(81, 54, 20, 1, '200.00', 2, '2023-01-22 02:55:20', '2023-01-22'),
(84, 64, 13, 1, '500.00', 0, '2023-01-26 04:03:32', '2023-01-26'),
(85, 65, 18, 1, '800.00', 0, '2023-01-26 04:04:00', '2023-01-26'),
(86, 66, 18, 1, '800.00', 0, '2023-01-26 04:05:51', '2023-01-26'),
(91, 71, 12, 1, '520.00', 0, '2023-01-31 13:53:17', '2023-01-31'),
(92, 72, 12, 1, '520.00', 0, '2023-01-31 13:55:15', '2023-01-31'),
(93, 73, 13, 1, '500.00', 0, '2023-01-31 13:56:00', '2023-01-31'),
(94, 74, 13, 1, '500.00', 0, '2023-01-31 13:59:40', '2023-01-31'),
(95, 75, 12, 1, '520.00', 0, '2023-02-01 07:07:42', '2023-02-01'),
(96, 76, 12, 1, '520.00', 0, '2023-02-01 07:08:18', '2023-02-01'),
(97, 77, 12, 1, '520.00', 0, '2023-02-01 07:11:26', '2023-02-01'),
(98, 78, 12, 1, '520.00', 2, '2023-02-01 07:12:05', '2023-02-01'),
(99, 79, 13, 1, '500.00', 0, '2023-02-01 07:40:49', '2023-02-01'),
(103, 83, 14, 1, '500.00', 0, '2023-02-05 04:17:55', '2023-02-05'),
(104, 83, 13, 1, '500.00', 0, '2023-02-05 04:17:55', '2023-02-05'),
(105, 83, 12, 1, '520.00', 0, '2023-02-05 04:17:55', '2023-02-05'),
(106, 84, 18, 1, '800.00', 2, '2023-02-05 04:22:38', '2023-02-05'),
(107, 84, 17, 1, '300.00', 2, '2023-02-05 04:22:38', '2023-02-05'),
(108, 84, 16, 1, '300.00', 2, '2023-02-05 04:22:38', '2023-02-05'),
(109, 84, 14, 1, '500.00', 2, '2023-02-05 04:22:38', '2023-02-05'),
(110, 84, 13, 1, '500.00', 2, '2023-02-05 04:22:38', '2023-02-05'),
(111, 84, 12, 1, '520.00', 2, '2023-02-05 04:22:38', '2023-02-05'),
(112, 85, 12, 1, '520.00', 0, '2023-02-05 05:11:27', '2023-02-05'),
(161, 134, 12, 1, '520.00', 0, '2023-02-08 08:00:55', '2023-02-08'),
(162, 135, 12, 1, '520.00', 2, '2023-02-08 13:52:50', '2023-02-08'),
(163, 136, 12, 1, '520.00', 2, '2023-02-09 05:25:10', '2023-02-09'),
(164, 137, 12, 1, '520.00', 0, '2023-02-09 05:30:20', '2023-02-09'),
(166, 139, 22, 1, '980.00', 0, '2023-02-18 02:02:34', '2023-02-18'),
(167, 139, 15, 3, '200.00', 0, '2023-02-18 02:02:34', '2023-02-18'),
(168, 140, 15, 1, '200.00', 0, '2023-03-01 02:44:24', '2023-03-01'),
(169, 141, 14, 1, '500.00', 0, '2023-03-01 02:59:59', '2023-03-01'),
(170, 142, 14, 1, '500.00', 0, '2023-03-01 03:01:22', '2023-03-01'),
(171, 143, 14, 1, '500.00', 2, '2023-03-01 03:02:00', '2023-03-01'),
(198, 168, 16, 1, '300.00', 0, '2023-03-06 10:12:27', '2023-03-06'),
(199, 169, 12, 1, '520.00', 0, '2023-03-06 10:14:24', '2023-03-06'),
(200, 170, 14, 1, '500.00', 0, '2023-03-06 10:17:03', '2023-03-06'),
(201, 171, 14, 1, '500.00', 0, '2023-03-06 10:20:13', '2023-03-06'),
(203, 173, 12, 1, '520.00', 0, '2023-03-06 10:22:55', '2023-03-06'),
(205, 175, 12, 1, '520.00', 0, '2023-03-06 10:27:19', '2023-03-06'),
(206, 176, 14, 1, '500.00', 0, '2023-03-06 10:27:52', '2023-03-06'),
(207, 177, 12, 1, '520.00', 0, '2023-03-06 10:28:35', '2023-03-06'),
(208, 179, 14, 1, '500.00', 0, '2023-03-06 10:29:44', '2023-03-06'),
(209, 180, 15, 1, '200.00', 0, '2023-03-06 10:30:10', '2023-03-06'),
(214, 185, 14, 1, '500.00', 0, '2023-03-06 10:38:18', '2023-03-06'),
(215, 186, 15, 1, '200.00', 0, '2023-03-06 10:38:58', '2023-03-06'),
(216, 186, 14, 1, '500.00', 0, '2023-03-06 10:38:58', '2023-03-06'),
(217, 186, 12, 1, '520.00', 0, '2023-03-06 10:38:58', '2023-03-06'),
(218, 187, 15, 1, '200.00', 0, '2023-03-06 10:39:24', '2023-03-06'),
(219, 187, 14, 1, '500.00', 0, '2023-03-06 10:39:24', '2023-03-06'),
(220, 188, 12, 1, '520.00', 1, '2023-03-07 03:20:34', '2023-03-07'),
(221, 189, 12, 1, '520.00', 1, '2023-03-07 03:21:12', '2023-03-07'),
(222, 190, 12, 1, '520.00', 0, '2023-03-07 03:23:23', '2023-03-07'),
(223, 191, 12, 1, '520.00', 2, '2023-03-07 04:07:52', '2023-03-07');

-- --------------------------------------------------------

--
-- Table structure for table `products`
--

CREATE TABLE `products` (
  `id` int(11) NOT NULL,
  `category_id` int(11) NOT NULL,
  `name` varchar(191) NOT NULL,
  `slug` varchar(191) NOT NULL,
  `small_description` mediumtext NOT NULL,
  `description` mediumtext NOT NULL,
  `original_price` decimal(10,2) NOT NULL,
  `selling_price` decimal(10,2) NOT NULL,
  `image` varchar(191) NOT NULL,
  `qty` int(11) NOT NULL,
  `sold` int(11) NOT NULL,
  `status` tinyint(4) NOT NULL,
  `popular` tinyint(4) NOT NULL,
  `created_at` timestamp NOT NULL DEFAULT current_timestamp(),
  `updated_at` timestamp NOT NULL DEFAULT current_timestamp()
) ENGINE=InnoDB DEFAULT CHARSET=utf8mb4;

--
-- Dumping data for table `products`
--

INSERT INTO `products` (`id`, `category_id`, `name`, `slug`, `small_description`, `description`, `original_price`, `selling_price`, `image`, `qty`, `sold`, `status`, `popular`, `created_at`, `updated_at`) VALUES
(12, 39, 'Korean Japchae', 'korean japchae', '', 'Korean Japchae is a mouth-watering and nutritious dish that you wont be able to resist. Made with thin and translucent sweet potato glass noodles, sautéed vegetables, and marinated beef, Japchae is a flavorful and satisfying meal that will leave your taste buds singing. The savory and slightly sweet soy sauce-based sauce perfectly complements the tender beef and crisp vegetables, making every bite a delightful experience. Whether you are a fan of Korean cuisine or just looking for a delicious and healthy meal, Japchae is the perfect choice.', '520.00', '520.00', '1673763937.jpg', -17, 71, 0, 1, '2023-01-15 06:25:37', '2023-02-17 06:57:14'),
(13, 39, 'Rolled Lasagna with Creamy Spinach Filling', 'rolled lasagna with creamy spinach filling', '', 'Indulge in the ultimate comfort food experience with our Rolled Lasagna with Creamy Spinach Filling. Each delectable bite of tender lasagna noodles, smothered in a rich and creamy spinach filling, is guaranteed to leave you feeling satisfied and content. Our secret blend of spinach, cheese, and herbs is the perfect balance of creamy and savory, making this dish a true culinary delight.', '500.00', '500.00', '1673763992.jpg', 0, 13, 1, 1, '2023-01-15 06:26:32', '2023-02-17 07:10:42'),
(14, 39, 'Premium Lasagna', 'premium lasagna', '', 'Our premium Lasagna is the ultimate indulgence for any pasta lover. Made with the finest and freshest ingredients, every bite is a true taste sensation. Each layer of tender pasta is generously filled with a delectable combination of hearty beef, savory tomato sauce, and creamy ricotta and mozzarella cheeses.', '500.00', '500.00', '1673764025.jpg', -41, 39, 0, 0, '2023-01-15 06:27:05', '2023-02-17 07:00:52'),
(15, 39, 'Carbonara', 'carbonara', '', 'Experience the rich and satisfying flavors of our Carbonara, the perfect comfort food for any pasta enthusiast. Our Carbonara is made with perfectly cooked spaghetti, paired with a luscious and creamy sauce of eggs, and cheese with just the right amount of black pepper for a subtle kick. ', '200.00', '200.00', '1673764057.jpg', -12, 12, 0, 0, '2023-01-15 06:27:37', '2023-02-17 07:01:41'),
(16, 39, 'Traditional Sweet Style Meet-free Spaghetti', 'traditional sweet style meet-free spaghetti', '', 'Indulge in the sweet and savory flavors of our Traditional Sweet Style Meat-free Spaghetti, the perfect option for those looking for a meatless meal that does not skimp on taste. Our spaghetti is cooked to perfection, topped with a flavorful and aromatic tomato-based sauce that has just the right amount of sweetness. ', '300.00', '300.00', '1673764104.jpg', -7, 4, 0, 1, '2023-01-15 06:28:24', '2023-02-17 07:02:27'),
(17, 39, 'Mushroomball Pasta', 'mushroomball pasta', '', 'Indulge in the savory goodness of our Delicious Mushroomball Pasta, a delectable dish that will leave your taste buds wanting more. Our spaghetti is served with mouth-watering mushroom balls that are full of flavor, making this dish a true culinary delight.', '300.00', '300.00', '1673764140.jpg', -6, 6, 0, 0, '2023-01-15 06:29:00', '2023-02-17 07:03:04'),
(18, 40, 'California Maki', 'california maki', '', 'Satisfy your sushi cravings with our California Maki, a delicious and refreshing sushi roll that is the perfect blend of sweet and savory.  Our California Maki is expertly rolled and sliced, making it easy to enjoy as a quick snack or a satisfying meal. ', '800.00', '800.00', '1673764170.jpg', -3, 26, 0, 1, '2023-01-15 06:29:30', '2023-02-17 07:10:51'),
(19, 41, 'Chocolate Chip', 'chocolate chip', '', 'Satisfy your sweet tooth with our irresistible Chocolate Chip cookie, a classic treat that has been a favorite for generations. Made with rich, buttery dough and packed with generous chunks of premium chocolate, every bite is a heavenly indulgence.', '200.00', '200.00', '1673764207.jpg', -8, 8, 0, 0, '2023-01-15 06:30:07', '2023-02-17 07:04:47'),
(20, 41, 'Dark Chocolate Fudgy', 'dark chocolate fudgy', '', 'Indulge in the ultimate chocolate lover`s dream with our Dark Chocolate Fudgy, a rich and decadent treat that will leave you craving for more. Made with high-quality dark chocolate and buttery, melt-in-your-mouth texture, every bite is a luscious explosion of intense chocolate flavor. ', '200.00', '200.00', 'dark chocolate fudgy.jpg', 0, 1, 0, 0, '2023-01-15 06:30:28', '2023-02-17 07:05:36'),
(21, 41, 'Chocolate Revel Bars', 'chocolate revel bars', '', 'Experience pure chocolate bliss with our Chocolate Revel Bars, a heavenly treat that is perfect for any chocolate lover. Made with a rich and gooey chocolate center and a delicious oatmeal crust, every bite is an indulgence that will leave you craving for more. Our Chocolate Revel Bars are the perfect combination of crunchy and chewy textures, and are perfect for a quick snack or a satisfying dessert.', '250.00', '250.00', 'chocolately revel bars.jpg', 0, 3, 1, 0, '2023-01-15 06:30:51', '2023-02-17 07:06:17'),
(22, 42, 'Package 1', 'package 1', '', 'Satisfy your cravings with Package 1, a complete meal that is perfect for any occasion. Featuring our delicious Pancit Bam-I, succulent Chicken, and irresistible Chocolate Revel Tray, this package is a surefire hit for anyone who loves tasty and satisfying food.', '980.00', '980.00', '1673764322.jpg', -5, 3, 0, 0, '2023-01-15 06:32:02', '2023-02-17 07:07:16'),
(23, 0, 'Package 2', 'package 2', '', 'Look no further than Package 2, featuring our mouthwatering Pomodoro Pasta, succulent Chicken, and irresistible Chocolate Revel Tray. ', '1030.00', '1030.00', '1673764353.jpg', 0, 0, 0, 0, '2023-01-15 06:32:33', '2023-02-17 07:08:24'),
(24, 42, 'Package 3', 'package 3', '', 'Indulge in the unique and delicious flavors of Package 3, featuring our Medium-baked Kimchi Rice, succulent Chicken, and irresistible Chocolate Revel Tray.', '1180.00', '1180.00', '1673764406.jpg', -1, 0, 0, 0, '2023-01-15 06:33:26', '2023-02-17 07:08:52');

-- --------------------------------------------------------

--
-- Table structure for table `user`
--

CREATE TABLE `user` (
  `id` int(11) NOT NULL,
  `first_name` varchar(191) NOT NULL,
  `last_name` varchar(191) NOT NULL,
  `phone` varchar(10) NOT NULL,
  `region` varchar(191) NOT NULL,
  `province` varchar(191) NOT NULL,
  `city` varchar(191) NOT NULL,
  `barangay` varchar(191) NOT NULL,
  `delivery_fee` decimal(10,2) NOT NULL,
  `house_number` varchar(191) NOT NULL,
  `street` varchar(191) NOT NULL,
  `postal_code` int(11) NOT NULL,
  `landmark` varchar(191) NOT NULL,
  `email` varchar(191) NOT NULL,
  `password` varchar(191) NOT NULL,
  `role_as` tinyint(4) NOT NULL DEFAULT 0,
  `verify_token` varchar(191) NOT NULL,
  `verify_status` tinyint(2) NOT NULL DEFAULT 0,
  `created_at` timestamp NOT NULL DEFAULT current_timestamp()
) ENGINE=InnoDB DEFAULT CHARSET=utf8mb4;

--
-- Dumping data for table `user`
--

INSERT INTO `user` (`id`, `first_name`, `last_name`, `phone`, `region`, `province`, `city`, `barangay`, `delivery_fee`, `house_number`, `street`, `postal_code`, `landmark`, `email`, `password`, `role_as`, `verify_token`, `verify_status`, `created_at`) VALUES
(1, 'Chubby', 'Gourmet', '127', '', '', '', '', '0.00', '', '', 0, '', 'chubbygourmet@gmail.com', '$2y$10$cYGwbRukw/lTrqPu3aBvveSpgbX3DrpO72aNuQnJ9Rz5wX1yh8tU.', 1, '', 1, '2022-11-30 06:08:31'),
(2, 'Lester Dave', 'Salazar', '127', '', '', '', '', '0.00', '', '', 0, '', 'lester@gmail.com', 'lester', 0, '', 0, '2022-12-02 00:30:23'),
(3, 'Bentle', 'gones', '9786765462', 'NATIONAL CAPITAL REGION (NCR)', 'NCR, FOURTH DISTRICT (NOT A PROVINCE)', 'CITY OF LAS PIÑAS', 'TALON UNO', '0.00', '792', 'Malibay', 1001, 'SJN Church', 'bentle@gmail.com', 'bentle', 0, '', 0, '2022-12-21 12:08:41'),
(4, 'Miyawaki', 'Sakura', '9772168841', 'NATIONAL CAPITAL REGION (NCR)', 'NCR, FOURTH DISTRICT (NOT A PROVINCE)', 'CITY OF MAKATI', 'POBLACION', '0.00', '101', 'LeSsera', 1212, 'Iz*land', 'sakura@gmail.com', 'Sakuramiyawaki10', 0, '', 0, '2023-01-06 12:32:32'),
(5, 'Rysal', 'Rosel', '9123456789', 'NATIONAL CAPITAL REGION (NCR)', 'NCR, FOURTH DISTRICT (NOT A PROVINCE)', 'CITY OF MAKATI', 'SAN ISIDRO', '0.00', '00', 'Malibay', 1300, 'SJN Church', 'rysalrosel@gmail.com', 'rysal', 0, '', 0, '2023-01-21 06:25:23'),
(38, 'John Rysal', 'Rosel', '9772168841', 'NATIONAL CAPITAL REGION (NCR)', 'NCR, FOURTH DISTRICT (NOT A PROVINCE)', 'CITY OF MAKATI', 'PIO DEL PILAR', '0.00', '792', 'LeSsera', 1301, 'ditto', 'business.roselrysal@gmail.com', 'Rysalrosel101', 0, '6ecc78379cd5d7a3474598a088f2c530', 1, '2023-02-04 13:35:29'),
(57, 'Chubby ', 'Gourmet', '9000000000', 'REGION IV-A (CALABARZON)', 'LAGUNA', 'CITY OF SANTA ROSA', 'APLAYA', '0.00', '1', '1', 1000, '1', 'chubbygourmetshop@gmail.com', '$2y$10$cYGwbRukw/lTrqPu3aBvveSpgbX3DrpO72aNuQnJ9Rz5wX1yh8tU.', 1, 'c5c75083599340c2f868e5e144c51d1f', 1, '2023-02-17 08:43:55');

-- --------------------------------------------------------

--
-- Table structure for table `user_address`
--

CREATE TABLE `user_address` (
  `id` int(11) NOT NULL,
  `email` varchar(191) NOT NULL,
  `address_name` varchar(191) NOT NULL,
  `region` varchar(191) NOT NULL,
  `province` varchar(191) NOT NULL,
  `city` varchar(191) NOT NULL,
  `barangay` varchar(191) NOT NULL,
  `delivery_fee` decimal(10,2) NOT NULL,
  `house_number` varchar(191) NOT NULL,
  `street` varchar(191) NOT NULL,
  `postal_code` varchar(191) NOT NULL,
  `landmark` varchar(191) NOT NULL,
  `status` tinyint(4) NOT NULL
) ENGINE=InnoDB DEFAULT CHARSET=utf8mb4;

--
-- Dumping data for table `user_address`
--

INSERT INTO `user_address` (`id`, `email`, `address_name`, `region`, `province`, `city`, `barangay`, `delivery_fee`, `house_number`, `street`, `postal_code`, `landmark`, `status`) VALUES
(27, 'chubbygourmetshop@gmail.com', 'HOME', 'REGION IV-A (CALABARZON)', 'LAGUNA', 'CITY OF SANTA ROSA', 'APLAYA', '110.00', '1', '1', '1000', '1', 0);

--
-- Indexes for dumped tables
--

--
-- Indexes for table `address`
--
ALTER TABLE `address`
  ADD PRIMARY KEY (`id`);

--
-- Indexes for table `carts`
--
ALTER TABLE `carts`
  ADD PRIMARY KEY (`id`);

--
-- Indexes for table `category`
--
ALTER TABLE `category`
  ADD PRIMARY KEY (`id`);

--
-- Indexes for table `faqs`
--
ALTER TABLE `faqs`
  ADD PRIMARY KEY (`id`);

--
-- Indexes for table `inventory`
--
ALTER TABLE `inventory`
  ADD PRIMARY KEY (`id`);

--
-- Indexes for table `orders`
--
ALTER TABLE `orders`
  ADD PRIMARY KEY (`id`),
  ADD UNIQUE KEY `tracking_no` (`tracking_no`);

--
-- Indexes for table `order_items`
--
ALTER TABLE `order_items`
  ADD PRIMARY KEY (`id`);

--
-- Indexes for table `products`
--
ALTER TABLE `products`
  ADD PRIMARY KEY (`id`);

--
-- Indexes for table `user`
--
ALTER TABLE `user`
  ADD PRIMARY KEY (`id`);

--
-- Indexes for table `user_address`
--
ALTER TABLE `user_address`
  ADD PRIMARY KEY (`id`);

--
-- AUTO_INCREMENT for dumped tables
--

--
-- AUTO_INCREMENT for table `address`
--
ALTER TABLE `address`
  MODIFY `id` int(11) NOT NULL AUTO_INCREMENT, AUTO_INCREMENT=199;

--
-- AUTO_INCREMENT for table `carts`
--
ALTER TABLE `carts`
  MODIFY `id` int(11) NOT NULL AUTO_INCREMENT, AUTO_INCREMENT=352;

--
-- AUTO_INCREMENT for table `category`
--
ALTER TABLE `category`
  MODIFY `id` int(11) NOT NULL AUTO_INCREMENT, AUTO_INCREMENT=48;

--
-- AUTO_INCREMENT for table `faqs`
--
ALTER TABLE `faqs`
  MODIFY `id` int(11) NOT NULL AUTO_INCREMENT, AUTO_INCREMENT=21;

--
-- AUTO_INCREMENT for table `inventory`
--
ALTER TABLE `inventory`
  MODIFY `id` int(11) NOT NULL AUTO_INCREMENT, AUTO_INCREMENT=20;

--
-- AUTO_INCREMENT for table `orders`
--
ALTER TABLE `orders`
  MODIFY `id` int(11) NOT NULL AUTO_INCREMENT, AUTO_INCREMENT=192;

--
-- AUTO_INCREMENT for table `order_items`
--
ALTER TABLE `order_items`
  MODIFY `id` int(11) NOT NULL AUTO_INCREMENT, AUTO_INCREMENT=224;

--
-- AUTO_INCREMENT for table `products`
--
ALTER TABLE `products`
  MODIFY `id` int(11) NOT NULL AUTO_INCREMENT, AUTO_INCREMENT=36;

--
-- AUTO_INCREMENT for table `user`
--
ALTER TABLE `user`
  MODIFY `id` int(11) NOT NULL AUTO_INCREMENT, AUTO_INCREMENT=65;

--
-- AUTO_INCREMENT for table `user_address`
--
ALTER TABLE `user_address`
  MODIFY `id` int(11) NOT NULL AUTO_INCREMENT, AUTO_INCREMENT=42;
COMMIT;

/*!40101 SET CHARACTER_SET_CLIENT=@OLD_CHARACTER_SET_CLIENT */;
/*!40101 SET CHARACTER_SET_RESULTS=@OLD_CHARACTER_SET_RESULTS */;
/*!40101 SET COLLATION_CONNECTION=@OLD_COLLATION_CONNECTION */;
